Last Modification Date,Name,Acronym,Organizations,Description,Link,Contact type,Contact,Type,Environment,Use and Nature,Subthématic,Exposure factor,Exposure factor category,Thematic Category,Open Data,Licence Name,Licence Type,Has restrictions,Pricing,Compliance,Data Format (DCAT AP),Other Access point,Data domain,Related references,Related Datasets,Automatic Update,Broadcast Mode,Last Update,Downloadable,Documentation,Data Filter,Missing Data,Search Engine,Temporal Coverage,Update Frequency,Volume,Year,Geospatial Geolocalized data,Administrative Territory Coverage,Geographical information level,Projection System,Related Geographical References,Spatial /Geographical Coverage,Starting Year,Ending Year,DOI,Data Resolution,Exchange Protocole,Theme
2021-01-01T00:04:00,Adresses,,IGN,['Location of addresses throughout the national territory.'],https://geoservices.ign.fr/documentation/diffusion/telechargement-donnees-libres.html#adresse-premium,,,,Soils,,Addresses,,Indicateurs socio-démographiques,Regions and Cities,True,Open License Etalab,Attribution,True,True,False,Esri Shape,,Standards,,,True,,,True,False,True,False,True,N/A,['Irregular'],,,True,,Latitude/Longitude,Lambert 93 | UTM,True,FRA,,,,,,
2021-01-22T00:03:00,"ARIA (Analyse, Recherche et Information sur les Accidents)",,BARPI / DGPR / MTES,[''],https://www.data.gouv.fr/fr/datasets/analyse-recherche-et-information-sur-les-accidents/,,,,Soils| Air| Eau,,Accidentology,,Indicateurs socio-démographiques,Population and Society,False,Not Specified,,True,True,False,CSV | PDF,ARIA,Environment,,ICPE,True,,,True,False,True,False,True,N/A,['Annual?'],"20,6Mo",Non renseigné,True,,Commune,,True,FRA+SPM+BLM+WLF+PYF+NCL,,,,,,
2021-01-29T00:03:00,Atlas régionaux des inégalités environnementales,PLAINE,INERIS,"['Construction of environmental and regional atlas exposure maps for four Metallic Traces Elements (Cd, Cr, Ni, Pb) and HAP']",https://www.ineris.fr/fr/dossiers-thematiques/tous-dossiers-thematiques/inegalites-environnementales/atlas,,,,Soils,,Indicateurs d'exposition spatialisés agrégés et combinés ,,,Environment,False,Not Specified,,True,True,False,PDF,,Environment,,,True,,,False,True,True,False,True,N/A,['Irregular'],,2009 - en cours,True,,Région,,True,FXX,2009,,,,,
2021-01-02T00:04:00,Banque du sous-sol,BSS,BRGM,"['The BSS identifies the reports of all the works of the BSS (more than 700,000 books described, associated with more than 2,000,000 pages of technical documents). The Sub-Sol Data Bank (BSS) contains raw geological and technical information relating to underground works: location, object, geological description, technical equipment of drilling. Information made available to the public in the documents of the Bank of the Sub-Sol (BSS) is provided by third parties under the provisions of the Code Minier (arts. 131 to 136).']",http://www.geocatalogue.fr/Detail.do?id=4163,,,,Soils| Eau,,Geology,,Polluants du sol,Environment,True,Open License Etalab,Attribution,True,True,False,CSV,Infoterre,Environment,,ADES,True,,,True,False,True,False,True,N/A,['Punctual'],,en cours,True,,coordonnées x/y,,True,FRA,,,,,,
2021-01-22T00:04:00,Banque nationale d'Accès aux Données sur les Eaux Souterraines,ADES,BRGM,['Quantitative data (level of napples) and qualitative (concentration of many parameters) related to groundwater: 263 r\U0010fc03seau\U0010fc04s containing 75954 d\U0010fc01s containing 4265 piezometers and 72975 qualitometers.'],https://ades.eaufrance.fr/Recherche,,,,Water,,Eauxs souterraines ,,Polluants de l'eau,Environment,False,,,True,True,False,CSV| Plain text,,Environment,,,False,,,True,False,True,False,True,D| W,['Regular'],,Variable selon les données - en cours,True,,Site de mesure,,True,FRA,,,,,,
2021-01-22T00:04:00,Banque nationale des ventes réalisées par les distributeurs de produits phytosanitaires,BNV-D,AFB,"[""Sales data for phytopharmaceutical products from distributors' statements (or farmers who bought abroad)""]",https://www.data.gouv.fr/fr/datasets/ventes-de-pesticides-par-departement/,,,,,,Sales of phytopharmaceutical products,,Produits phytopharmaceutiques| substances phytopharmaceutiques,Environment,True,Open License Etalab,Attribution,True,True,False,CSV,https://bnvd.ineris.fr/,Environment,,,False,,2020-01-18T00:12:00,True,False,True,False,True,N/A,['Annual'],,2008 - en cours,True,,/,,False,/,2008,,,,,
2021-01-09T00:03:00,Base DDIE,DDIE,,"['For the so-called ""metallic"" mines: positioning of deposits, chemical analysis and NITON for the most important deposits, positioning of the main issues. Regrouping sector deposits. Classification of these sectors based on the potential health and environmental impact of the deposits they contain. Geographic contours are also available for certain deposits. For coal mines: only positioning and bypassing deposits.']",,,,,Soils| Air,,Inventaire des dépôts de résidus miniers ,,Polluants du sol| polluants de l'air,Environment,False,Not Specified,,True,True,False,Exel XLS| MapInfo TAB file,MIMAUSA,Environment,, Mise à jour en fonction des nouvelles données acquises dans le cadre d'autres études,True,,,True,False,True,False,True,N/A,['irregular'],,2009 - 2012,True,,,,False,FXX,2009,2012,,,,
2021-01-05T00:03:00,Base de Données Carbone France,BDCF,,['Organic carbon content: Measured and georeferenced profiles containing information on soil carbon content'],,,,,Soils,,Propriétés physico-chimiques des sols et occupation des terres ,,,Environment,False,Not Specified,,True,True,True,Excel XLSX,,Environment,,BDAT,True,,,True,True,True,True,True,N/A,['irregular'],,1965-1998,True,,Points de mesure,,True,FXX,1995,1998,,,,
2021-01-02T00:03:00,Base de données d'analyse des terres (BDAT),BDAT,,"['With the collaboration of soil analysis laboratories accredited by the Ministry of Agriculture, the Gis Sol provides aggregated results, derived from the treatment of the analyses of the BDAT (base of data for soil analyses), which is more than 2 million samples of soil surface areas grown in France between 1990 and 2014. More than 26 million analysis results are grouped in the database.']",http://www.gissol.fr/donnees/tableaux-de-donnees/donnees-de-la-bdat-3028,,,,Soils,,Qualité agronomique des sols ,,Polluants du sol| composés organiques| métaux,Agriculture and Fisheries,True,Licence CC-BY-NC-SA,,True,True,True,CSV,INRAE | GIS Sol,Environment,,,True,,2014-01-01T00:01:00,False,True,True,False,True,données agrégées par période de 5 ans,['Irregular'],822 Ko,1990-2004 (2014 en théorie),True,,Canton,,False,FXX,1965,2004,,,,
2021-01-21T00:04:00,Base de données des pratiques et niveaux d’exposition aux musiques amplifiées du jeune public,Kiwi,Bruitparif,"['Levels and individual listening times of music at the headphones or with earphones, equipment used, other sources of exhibition (frequentation of amplified music venues, musical practice, video games)']",https://www.bruitparif.fr/pages/Actualites/2016-12-06%20Bruitparif%20re%C3%A7oit%20le%20d%C3%A9cibel%20d'or/Dossier%20de%20pr%C3%A9sentation%20Kiwi.pdf,,,,,Physical Agents,Levels of exposure to amplified young public music,,Bruit,Health,False,Not Specified,,True,False,False,PDF| XLSX,,Health,,,False,,,True,False,True,False,True,N/A,['No information'],,2015 - en cours,True,,établissement scolaire,,True,IDF,2015,,,,,
2021-01-02T00:03:00,Base de Données Eléments Traces Métalliques (BDETM),BDETM,,['Analysis of regulatory ETM content on land receiving urban wastewater sludge. Statistics are calculated on sub-populations by 10-year time frame.'],,,,,Soils,,Soil quality,,Polluants du sol| métaux,Environment,True,Licence CC-BY-NC-SA,,True,True,True,CSV,http://www.gissol.fr/donnees/donnees-de-la-bdetm-2873,Environment,,INRAe / GIS Sol,True,,2010-01-01T00:01:00,False,True,True,True,True,données agrégées par période de 10 ans,['Irregular'],366 Ko,1990-2010,True,,Point de mesure / Commune,,False,FXX,1990,2010,,,,
2021-01-05T00:03:00,Base de données géographiques des sols de France,BDGSF,,"['Soil Type: Pedal processes responsible for soil differentiation, i.e. brownification, leaching, podzolisation, hydromorphia, etc.']",https://esdac.jrc.ec.europa.eu/resource-type/european-soil-database-soil-properties,,,,Soils,,Connaissance du paysage pédologique ,,Polluants du sol | composés organiques| métaux,Environment,True,Open License Etalab,Attribution,True,True,True,Esri Shape,https://data.inrae.fr/dataset.xhtml?persistentId=doi:10.15454/BPN57S,Environment,,"BDAT, BDETM, BDCF, European Soil Database",True,,,True,True,True,False,True,N/A,['irregular'],,1995 -,True,,UCS|  UTS|  1:1 000 000,,True,FXX,1995,,,,,
2021-01-08T00:03:00,Base de données sur la qualité des sols urbains,BdSolU,BRGM,"['Main analyses: arsenic, copper, chrome, lead, zinc, nickel, cadmium, mercury, total cyanides, phenol index, carbonated fractions of hydrocarbons C10 to C40, PCB indicators, 7 PCDD and 10 PCDF and metadata']",http://www.bdsolu.fr/page/consultation,,,,Soils,,Urban soil quality,,Polluants du sol| composés organiques| métaux,Environment,False,Not Specified,,False,True,False,Excel XLSX,,Environment,,"IMN, Bases de données GISSOL",True,,2019-01-01T00:02:00,True,False,True,False,True,N/A,['irregular'],1 356 Ko,2010 - en cours,True,,Site (détail limité à la Commune),,False,FXX,2010,,,,,
2021-01-11T00:02:00,BASIAS - Inventaire historique de Sites Industriels et Activités de Service,BASIAS,BRGM,"['The inventory of former industrial activities and service activities has been systematically carried out at the departmental level since 1994. The data collected in these inventories are archived in a national database, BASIAS (Base des Anciens Sites Industriels and Service Activities) available on the Internet.']",https://www.georisques.gouv.fr/donnees/bases-de-donnees/inventaire-historique-de-sites-industriels-et-activites-de-service,,,,Soils,,Polluted sites and soils,,Polluants du sol| composés organiques| métaux,Environment,True,Open License Etalab,Attribution,True,True,False,CSV| Plain text,DataGouv / Georisque,Environment,,Matrice Activités-Polluants / BASOL,False,,,True,False,False,False,True,N/A,['Irregular (updated)'],"732,8 Mo",1994 - en cours,True,,Site (Adresse et coordonnées x/y),WGS84 | Lambert 2 étendu,True,FXX+GLP+MTQ+GUF+REU,1994,,,,,
2021-01-11T00:02:00,BASOL,BASOL,MTES,"['Polluted sites and soils (or potentially polluted) calling for action by the public authorities, either preventive or curative. Site identification and location, site characterization, site description, site technical situation and characterization of the impact, use and environment of the site, impact observations, site monitoring and restriction of use, treatments performed']",https://www.georisques.gouv.fr/articles-risques/basol#acces-aux-donnees-,,,,Soils,,Polluted sites and soils,,Polluants du sol| composés organiques| métaux,Environment,True,Open License Etalab,Attribution,True,True,False,CSV| HTML| JSON,DataGouv / Géorisque,Environment,,BASIAS / SIS,True,,,True,False,True,False,True,N/A,['Irregular (updated)'],"61,2 Mo",1992 - en cours,True,,Point de mesure (Adresse et coordonnées x/y),Lambert 93 | Lambert 2 étendu,True,FRA,1992,,,,,
2021-01-19T00:04:00,BD Lisa,BD Lisa,BRGM,"['This repository includes the following geographic data sets:- Hydrogeological entities of level 3 (local);- Elementary polygons delimiting each single stack of hydrogeological entities;- Karstic areas, areas characterized as karstic environments or powering karst sources;- Alterate areas furniture, polygons of extension of areas within which the presence of altered geological formations (saprolite) has been highlighted or is assumed.']",https://www.sandre.eaufrance.fr/atlas/srv/fre/catalog.search#/metadata/769f36e0-eb23-4014-ad63-fb468fcd7488,,,,Water,,French Hydrogeological Standards,,,Environment,True,Open License Etalab,Attribution,True,True,False,Esri Shape| SQL| GDB,https://bdlisa.eaufrance.fr/telechargement,Standards,,,False,,2019-01-01T00:01:00,True,True,True,True,True,N/A,['Annual'],,,True,,lat/long   1 /50 000,,False,FRA,,,,,,
2021-01-19T00:04:00,BD Topage,BD Topage,OIEau,"['The BD TOPAGE® consists of data sets * watercourses, water bodies, hydrographic sections, elementary surfaces, hydrographic nodes (sources and excutories), land-sea limits, watersheds and topographical watersheds (the last three data sets * will be replaced by more precise data in the medium term).']",https://www.sandre.eaufrance.fr/atlas/srv/fre/catalog.search#/metadata/3b3d3c56-d9b6-4625-a57e-ba054e798274,,,,Water,,French Hydrographic Standards,,,Environment,True,Open License Etalab,Attribution,True,True,False,Esri Shape| GEOJSON| SQL,,Standards,,,False,,2021-01-01T00:01:00,True,False,True,False,True,N/A,['Annual'],,2019,True,,lat/long ; 1/5 000|  1/50 000,Lambert 93 | WGS84,True,FXX,2019,,,,,
2021-01-08T00:03:00,Biosurveillance des Retombées Atmosphériques Métalliques par les Mousses,BRAMM,UMS 2006 Patrimoine Naturel,"['The BRAMM device allows to map and model concentrations of metal and nitrogen contaminants in forest foams throughout the metropolitan area. Five-year campaigns have been carried out since 1996 (1996, 2000, 2006, 2011 and 2016), covering approximately 500 collection sites across the country. These sites are located in rural areas, away from local sources of pollution, and forest, under tree cover. General description of the site; Element concentration values (Al, As, Cd, Cr, Cu, Fe, Hg, N, Ni, Pb, Sb, V, Zn + other elements depending on the countryside)']",https://inpn.mnhn.fr/espece/jeudonnees/2567,,,,,,Air quality,,Polluants de l'air,Environment,False,Licence SINP,,True,True,True,CSV,OpenObs (API)| GBIF (Portail),Environment,,,True,,2021-01-01T00:02:00,True,True,True,False,True,5 ans,[''],"10,9 Mo",1996 - 2016,True,,Site (coordonnées xy),,True,FXX,1996,,,,,
2021-01-04T00:08:00,Campagne Nationale Exploratoire des Pesticides,CNEP,ANSES,"['Led by ANSES, launched in June 2018 over 12 months. Measure (harmonized) of 75 substances; 1,300 analyses for each of these substances. 100 000 data collected over one year, 1,800 samples analysed and 75 substances measured at 50 sites in the national territory']",https://www.lcsqa.org/fr/rapport/resultats-de-la-campagne-nationale-exploratoire-de-mesure-des-residus-de-pesticides-dans,,,,,Pesticides,Pesticides in the air,,Polluants de l'air,Environment,False,Not Specified,,False,True,False,xlsx,,Environment,,,True,,2020-01-29T00:06:00,True,False,True,False,True,,['No information'],,2018-2019,True,,Région/département/commune/site de mesure,,True,FRA,2018,,,,,
2021-01-01T00:04:00,Carroyage DFCI,,Entente Valabre,['DFCI is a geographical mesh used in France by fire-foresters (DFCI).'],https://www.data.gouv.fr/fr/datasets/carroyage-dfci-2-km/,,,,Soils,,Carroyage,,Polluants de l'air| pesticides| NDVI,Environment,True,Open License Etalab,Attribution,True,True,False,Esri Shape,Géoportail,Standards,,,True,,2016-01-01T00:06:00,True,False,True,False,True,N/A,['Irregular'],,,True,,Carreau 2km/2km,,True,FXX,,,,,,
2021-01-02T00:04:00,Carte IGN,BD Carto,IGN,['Cartographic background proposed by the National Institute of Geographical and Forest Information (IGN).'],https://geoservices.ign.fr/documentation/diffusion/telechargement-donnees-libres.html#bd-carto,,,,Soils,,Cartographic background,,Indicateurs socio-démographiques,Regions and Cities,True,Open License Etalab,Attribution,True,True,False,Esri Shape,Géoportail,Environment,,,True,,2020-01-01T00:10:00,True,False,True,False,True,N/A,['Irregular'],,Non renseigné,True,,Latitude/Longitude,Lambert 93 | UTM,True,FRA+MAF+BLM,,,,,,
2021-01-13T00:04:00,Carte interactive - part de la superficie drainée dans la superficie agricole utilisée (SAU) en 2010,,SSP  /  Ministère de l'Agriculture et de l’Alimentation,"['This is the drained area or drained by a network of buried drains. Do not take into account the superfcies whose drains no longer evacuate, nor those that are drained only on time (capture of mustard), using a single drain and not a network.']",https://agreste.agriculture.gouv.fr/agreste-web/disaron/Carte-RA-saudrai10/detail/,,,,,,Agricultural conditions,,Pesticides| biocides| NDVI,Agriculture and Fisheries,False,Not Specified,,True,True,False,XLS| ODS| CSV,,Environment,,,True,,2017-01-09T00:08:00,True,False,True,False,True,N/A,['Irregular'],,2010,True,,Région|  Département|  Canton|  Commune,,True,FXX+GUF+GLP+REU+MTQ,,,,,,
2021-01-13T00:04:00,Carte interactive - production brute standard (PBS) moyenne par exploitation en 2010,,SSP  /  Ministère de l'Agriculture et de l’Alimentation,"['Agricultural surfaces and livestock are valued according to coefficients allowing the calculation of standard gross production (PBS). These coefficients result from the average values calculated from 2005 to 2009. The PBS describes a potential for the production of farms and allows them to be classified as ""medium and large farms"" when it is greater than or equal to 25,000 euros, in ""large farms"" when it is greater than or equal to 100,000 euros.']",https://agreste.agriculture.gouv.fr/agreste-web/disaron/Carte-RA-pbsmoy10/detail/,,,,,,Agricultural conditions,,Pesticides| biocides| NDVI,Agriculture and Fisheries,False,Not Specified,,True,True,False,XLS| ODS| CSV,,Environment,,,False,,2017-01-09T00:08:00,True,False,True,False,True,N/A,['Irregular'],,2010,True,,Région|  Département|  Canton,,True,FXX+GUF+GLP+REU+MTQ,,,,,,
2021-01-02T00:04:00,Carte topographique IGN,BD Topo,IGN,"['The topographic map accurately represents the relief, symbolized by level curves, as well as the details of the terrain: roads, trails, constructions, wood, isolated trees, rivers, sources...']",https://geoservices.ign.fr/documentation/diffusion/telechargement-donnees-libres.html#bd-topo,,,,Soils,,Map of reliefs,,Indicateurs socio-démographiques,Regions and Cities,True,Open License Etalab,Attribution,True,True,False,Esri Shape,Géoportail / DataGouv,Environment,,,True,,2021-01-01T00:10:00,True,False,True,False,True,N/A,['Irregular'],,Non renseigné,True,,Latitude/Longitude,Lambert 93 | UTM | WGS84,True,FRA+MAF+BLM+SPM,,,,,,
2021-01-22T00:04:00,Cartes des antennes et des mesures radioélectriques,Cartoradio,ANFR,"['Location of radio stations and access, for a given site, to the results of synthesized electromagnetic field measurements']",https://www.cartoradio.fr/index.html#/cartographie/mesures,,,,,Physical Agents,Radio frequency,,Ondes radioélectriques,Environment,False,Not Specified,Attribution,True,True,False,CSV| PDF| HTML,,Environment,,,False,,2021-01-22T00:04:00,True,True,True,False,True,Irrégulière,['Regular'],,2003 - en cours,True,,Station de mesure / antenne,WGS84 | GPS,True,FRA,2003,,,,,
2021-01-01T00:04:00,Cartes des sols métropolitains,,IGN,['Representation of different types of dominant soils in Metropolitan France.'],https://www.geoportail.gouv.fr/donnees/carte-des-sols,,,,Soils,,Land occupation,,Polluants du sol,Environment,True,Open License Etalab,Attribution,True,True,True,HTML,,Environment,,,True,,2020-01-01T00:02:00,True,False,True,False,True,N/A,['Irregular'],/,,True,,UCS|  UTS|  1:1 000 000,,True,FXX,,,,,,
2021-01-04T00:08:00,Cartes stratégiques de bruit - rapportage européen,,Cerema,['National noise mapping produced by the Cerema for the European report'],https://www.eionet.europa.eu/,,,,,Physical Agents,Bruit,,Bruit,Environment,False,Not Specified,,True,True,False,xls/xml,,Environment,,,False,,,True,True,True,False,True,?,['No information'],,1994,True,,,,True,EUROPE,,,,,,
,Cartographie départementale de l'aléa amiante environnemental,,BRGM,['Cartography of the susceptibility of asbestos presence in formations that may contain asbestos minerals (with samples for mineralogic and analytical purposes). Inventory complemented by the expertise of the amicable potential of about 50 careers.'],"https://www.brgm.fr/fr/reference-projet-acheve/cartographie-amiante-environnemental-france-metropolitaine-terrain-au#:~:text=La%20cartographie%20de%20l'amiante,amiante%20provenant%20d'affleurements%20naturels.",,,,Soils,,Amiante naturel en affleurements dans les formations géologiques ,,Amiante,Environment,False,Not Specified,,True,True,True,HTML| PDF,Infoterre,Environment,,,True,,,True,True,True,True,True,variable selon la révision des données cartographiques,['irregular'],,2009 - en cours,True,,coordonnées x/y  1/50 000,Lambert 93 | WGS84,True,FXX,2009,,,,,
2021-01-04T00:03:00,Cartographie du potentiel radon des formations géologiques,,IRSN,['Cartography of areas where radon presence at high concentrations in buildings is most likely.'],https://www.data.gouv.fr/fr/datasets/connaitre-le-potentiel-radon-de-ma-commune/#_,,,,,Physical Agents,Radon emitted by geological formations,,Radioactivité,Environment,True,Open License Etalab,Attribution,False,True,False,HTML| Esri Shape| CSV,Portail de l'IRSN,Environment,,,True,,2019-01-01T00:05:00,True,False,True,False,True,variable,['irregular'],,2008 - en cours,True,,1/1 000 000|  Commune,,False,FRA+SPM+BLM+MAF+WLF+PYF+NCL,2008,,,,,
2021-01-20T00:04:00,Cartographie régionale du bruit en Île-de-France,,Bruitparif,"['Noise mapping associated with road traffic, air traffic and rail traffic according to the Lden and Ln indicators, map of areas beyond regulatory limits, as well as associated population noise exposure statistics.']",https://carto.bruitparif.fr/,,,,,Physical Agents,Cartography of noise associated with traffics,,Bruit,Transport,True,Open License Etalab,Attribution,True,True,False,Esri Shape| HTML,,Environment,,,False,,2019-01-17T00:06:00,True,False,True,False,True,N/A,['Irregular'],,2007 - 2012|  2017,True,,maille 5mx5m,,True,IDF,2007,2017,,,,
2021-01-29T00:03:00,Casier viticole informatisé,CVI,Direction générale des douanes et droits indirects,"['The electronic wine recorder (CVI) is a tool that the Member States of the European Union must make mandatory. It contains, inter alia, all information relating to wine-producing companies, planted or harvested plots, production and stock levels.']",,,,,Soils,,Wine parks,,Pesticides| biocides,Environment,False,,,True,False,True,,,Environment,,,False,,,True,True,False,False,True,N/A,['No information'],,1998 - en cours,True,,Parcelle,,False,FRA,1998,,,,,
2021-01-08T00:03:00,Ciblex,CIBLEX,ADEME,"['Compile the descriptive parameters of the French population (age, sex, space-time budget and food consumption...) according to the occupancy of soils (continental area, water surface...) and type use (residential, professional, recreational...)']",https://www.irsn.fr/EN/Research/publications-documentation/Publications/DRPH/SAER/Pages/La-banque-de-donnees-CIBLEX-une-compilation-de-parametres-d-exposition-de-la-population-francaise-au-1522.aspx,,,,Soils,Geographical and Sociodemographical Indicators,Descriptive parameters of the French population,,Indicateurs socio-démographiques,Population and Society,False,Not Specified,,True,True,False,Excel XLSX,,Environment,,,True,,2003-01-01T00:01:00,True,True,True,False,True,,['none'],,2003 -,True,,Département,,False,FRA,2003,,,,,
2021-01-29T00:03:00,Compilation des Index Phytosanitaires Acta,CIPA,ACTA,[''],http://matphyto.acta-informatique.fr/Accueil,,,,,Pesticides,Plant Health Substances Index,,Pesticides| biocides,Environment,False,Not Specified,,True,True,False,PDF,,Environment,,,True,,2021-01-01T00:01:00,True,False,True,False,True,,['No information'],,depuis 1961,True,,,,False,,1961,,,,,
2021-01-21T00:04:00,Connaissance et qualité des eaux de surface,OSUR,Agence de l'eau Loire-Bretagne,"['Physico-chemical analysis and environmental conditions of surface water quality, faunistic or floristic list, biological sampling, measurement network, measuring station, face area, taxon biological indices']",http://osur.eau-loire-bretagne.fr/exportosur/action/Geographie,,,,Water,,Surface water quality / Knowledge media,,Polluants de l'eau,Environment,True,Open License,Attribution,True,True,False,CSV| Plain text| XML| HTML,,Environment,,,False,,2021-01-01T00:04:00,True,False,True,False,True,,['No information'],,1971 - en cours,True,,Station de mesure,,False,BRE+PDL+ARA+BFC+CVL+NOR+NAQ+OCC,1971,,,,,
2021-01-01T00:04:00,Contours IRIS,,IGN,"['Geometrical contours of areas defined by INSEE for the needs of censuses on all communes of more than 10,000 inhabitants and most municipalities of 5,000 to 10,000 inhabitants.']",https://geoservices.ign.fr/documentation/diffusion/telechargement-donnees-libres.html#contoursiris,,,,Soils,,Geometric Contours of IRIS,,Indicateurs socio-démographiques,Regions and Cities,True,Open License Etalab,Attribution,True,True,False,Esri Shape,,Standards,,,False,,2020-01-01T00:01:00,True,False,True,False,True,N/A,['Annual'],,2014 - 2020,True,,Latitude/Longitude,Lambert 93 | UTM,True,FRA,2014,2020,,,,
2021-01-12T00:02:00,CORINE Land Cover,CLC,SDES / MTES,"['Biophysical inventory of soil occupancy and its evolution according to a nomenclature in 44 positions. This inventory is produced by visual interpretation of satellite images. The production scale is 1/100 000. CLC allows to map homogeneous units of soil occupancy with a minimum surface of 25 ha. This database was launched in 1985. The 1990s, 2000, 2006, 2012 and 2018 were produced.']",https://www.statistiques.developpement-durable.gouv.fr/corine-land-cover-0,,,,,,Land occupation,,Pesticides| biocides| NDVI,Environment,True,Open License Etalab,Attribution,True,True,False,MapInfo TAB file| E00| Esri Shape,DataGouv / Géoportail (uniquement visualisable et carte pdf téléchargeable),Environment,,Base des changements (données sur les portions des territoires ayant changées d'occupation),True,,2018-01-01T00:01:00,True,False,True,False,True,N/A,['Every 6 years'],918 Mo,1990|  2000|  2006|  2012|  2018,True,,25 hectares au plus précis|  échelle 1/100000,,True,FRA,1990,,,,,
2021-01-05T00:08:00,Couches géographiques des secteurs,,,['Geographical strains of sectors belonging to the same UDI by region and year'],https://www.atlasante.fr/geonetwork/srv/fre/catalog.search#/home,,,,,Geographical and Sociodemographical Indicators,Water quality,,Polluants de l'eau,Environment,False,Not Specified,,True,True,False,csv,,Environment,,,True,,,True,False,True,False,True,,['Annual'],,2015-2020,True,,Région/commune,,True,FRA,2015,,,,,
2021-01-22T00:04:00,Croisement INSEE/DARES (thèse Tim Vlaar),,Sante publique France,"['""Association of Professional Activities and Metal Exposure with Two Neurodegenerative Diseases from the National Health Data System""']",,,,,Air,,Metal exposure and professional activities,,Exposition professionnelles,Health,False,Not Specified,,True,False,False,Non renseigné,,Health,,,False,,,True,True,True,False,True,Non renseigné,['No information'],,Non renseigné,True,,Non renseigné,,True,,,,,,,
2021-01-12T00:04:00,Cultures par canton,,SSP  /  Ministère de l'Agriculture et de l’Alimentation,['All farmsPets and farmsMoyennes and large farmsLarge farms'],https://agreste.agriculture.gouv.fr/agreste-web/disaron/RA_3013/detail/,,,,Soils,Geographical and Sociodemographical Indicators,Agricultural conditions,,Pesticides| biocides| NDVI,Agriculture and Fisheries,True,Open License Etalab,Attribution,True,True,False,CSV,,Environment,,RGA,True,,2019-01-03T00:12:00,True,False,True,False,True,N/A,['All decades'],"16,2Mo",2000 et 2010,True,,Département|  Canton,,True,FRA,2000,,,,,
2021-01-12T00:04:00,Cultures par commune,,SSP  /  Ministère de l'Agriculture et de l’Alimentation,['Operations with corresponding area (hectares)'],https://agreste.agriculture.gouv.fr/agreste-web/disaron/G_1013/detail/,,,,,,Agricultural conditions,,Pesticides| biocides| NDVI,Agriculture and Fisheries,True,Open License Etalab,Attribution,True,True,False,Plain text,https://www.data.gouv.fr/fr/datasets/agreste-donnees-communales-resultats-des-recensements-agricoles-par-commune/ (DataGouv),Environment,,RGA,True,,2018-01-02T00:03:00,True,False,True,False,True,N/A,['All decades'],"99,2Mo",1970|  1979|  1988|  2000|  2010,True,,Région|  Département|  Commune,,True,FRA,1970,,,,,
2021-01-12T00:04:00,Cultures par parcs nationaux et parcs régionaux,,SSP  /  Ministère de l'Agriculture et de l’Alimentation,['Operations with corresponding area (hectares)'],https://agreste.agriculture.gouv.fr/agreste-web/disaron/G_7313/detail/,,,,,,Agricultural conditions,,Pesticides| biocides| NDVI,Agriculture and Fisheries,True,Open License Etalab,Attribution,True,True,False,Plain text,,Environment,,RGA,True,,2018-01-20T00:02:00,True,False,True,False,True,N/A,['All decades'],"722,4Ko",2000|  2010,True,,Parc nationaux,,True,FRA,2000,,,,,
2021-01-01T00:04:00,Délimitations parcellaires AOC viticoles (INAO),,IGN,['Representation of the square delimitations of the appellations of controlled origin (AOC) wineries on Metropolitan France.'],https://www.data.gouv.fr/fr/datasets/delimitation-parcellaire-des-aoc-viticoles-de-linao/,,,,Soils,,Delimitations of vineyards,,Pesticides| biocides| NDVI,Agriculture and Fisheries,True,Open License Etalab,Attribution,True,True,False,Esri Shape,Géoportail,Environment,,,True,,2020-01-01T00:12:00,True,False,True,False,True,N/A,['Irregular'],215Mo,,True,,Commune / Parcelles,,True,FXX,,,,,,
2021-01-31T00:03:00,Données de modèle Arpège essentielles OMM,,Météo France,"['Fields of analysis and forecast in grid points from the French air forecast model Arpège on a global grid with resolution 2°5. The data is updated twice a day, and available up to 4 days of forecast deadline, by 24 hours, at sea level, 850 and 500 hectopascals (about 1500 and 5500 meters above sea level).']",https://donneespubliques.meteofrance.fr/?fond=produit&id_produit=201&id_rubrique=42,,,,Air,,Air forecast,,Facteurs météorologiques| polluants de l'air,Environment,True,Open License Etalab,Attribution,True,True,False,GRIB2| PNG| TIFF,,Environment,,,True,,,True,False,True,False,True,Journalier,['12h'],,en cours,True,,Latitude/Longitude,,True,Monde,,,,,,
2021-01-31T00:03:00,Données de modèle atmosphérique à aire limitée,,Météo France,"['Fields of analysis and forecast in grid points, derived from the Aladin air model on 5 areas (France metropolitan, Antilles-Guyane, Rénuion, Polynesia, Nouvelle-Calédonie). Parameters, levels, deadlines and areas set according to various resolutions and deadlines up to H+84h.']",https://donneespubliques.meteofrance.fr/?fond=produit&id_produit=238&id_rubrique=42,,,,Air,,Air forecast,,Facteurs météorologiques| polluants de l'air,Environment,True,Open License Etalab,Attribution,True,True,True,GRIB2| Esri ASCII grid,,Environment,,,True,,,True,True,True,False,True,H| H3,['12h'],,mars 2012 - en cours,True,,Latitude/Longitude,,True,FXX+GLP+MTQ+GUF+REU+PYF+NCL,2012,,,,,
2021-01-31T00:03:00,Données de modèle de prévision d'ensemble ARPEGE,,Météo France,"['Fields of forecasting in regular grid points on various geographical areas derived from the French global air forecasting model Arpege. Probabilistic data consisting of all 35 short-term deterministic forecast runs. Parameters, levels, deadlines and sub-domains set according to various resolutions and deadlines up to H+108 h maximum per step of 3 or 6 h depending on the geographical area']",https://donneespubliques.meteofrance.fr/?fond=produit&id_produit=199&id_rubrique=42,,,,Air,,Air forecast,,Facteurs météorologiques| polluants de l'air,Environment,True,Open License Etalab,Attribution,True,True,True,GRIB2| Esri ASCII grid,,Environment,,,True,,,True,True,True,False,True,3h ou 6h,['12h'],,2004 - en cours,True,,Latitude/Longitude,,True,Monde,2004,,,,,
2021-01-16T00:04:00,Données HAP HAM et métaux de 2016 à 2019,,Airparif,['Average annual concentrations of HAM-HAP and metals per station'],https://data-airparif-asso.opendata.arcgis.com/datasets/donn%C3%A9es-hap-ham-et-m%C3%A9taux-de-2016-%C3%A0-2019,,,,Air,,Ambient air pollution,,Polluants de l'air,Environment,False,ODbl,Attribution,True,True,False,CSV,,Environment,,,False,,2020-01-28T00:12:00,True,False,True,False,True,Année,['Annual'],32Ko,2016 - 2019,True,,Station de mesure,,True,IDF,2016,2019,,,,
2021-01-31T00:03:00,Données horaires,,Météo France,"['Climate data from all French stations since their opening, for all available parameters. These data have undergone climate control. Access to the entire depth of the database is possible, with a very wide range of parameters.']",https://donneespubliques.meteofrance.fr/?fond=produit&id_produit=110&id_rubrique=37#,,,,Air,,Climate,,Facteurs météorologiques,Environment,False,Not Specified,,True,True,True,Excel XLSX| HTML| Esri ASCII grid,,Environment,,,True,,,True,True,True,False,True,Heure,['Real time'],,en cours,True,,Station de mesure,,True,FRA,,,,,,
2021-01-31T00:03:00,Données SYNOP,,Météo France,"[""Observation data from the International Synoptic Surface Observing Code (SYNOP) messages on the World Meteorological Organization (WMO) global telecommunications system. Atmospheric parameters measured (temperature, humidity, wind direction and force, atmospheric pressure, precipitation height) or observed (sensitive time, cloud description, visibility) from the earth's surface. Depending on local instrumentation and specificities, other parameters can be available (snow height, soil condition, etc.)""]",https://donneespubliques.meteofrance.fr/?fond=produit&id_produit=91&id_rubrique=32,,,,Air,,Weather,,Facteurs météorologiques| polluants de l'air,Environment,False,Not Specified,,True,True,True,CSV,,Environment,,,True,,,True,True,True,False,True,Heure,['Real time'],,en cours,True,,Station de mesure,,False,FRA,,,,,,
2021-01-16T00:04:00,emi idf departement 2015,,Airparif,['Emissions for all sectors of activity.'],https://data-airparif-asso.opendata.arcgis.com/datasets/emi-idf-departement-2015-1?geometry=-1.452%2C48.044%2C6.458%2C49.314,,,,Air,,Ambient air pollution,,Polluants de l'air,Environment,False,ODbl,Attribution,True,True,False,XLSX| Esri Shape| KML,,Environment,,,False,Portail | API,2019-01-19T00:08:00,True,False,True,False,True,Année,['Irregular'],,2015,True,,Département,,True,IDF,2015,,,,,
2021-01-16T00:04:00,emi idf epci 2015,,Airparif,['Emissions for all sectors of activity.'],https://data-airparif-asso.opendata.arcgis.com/datasets/emi-idf-epci-2015-1?geometry=-1.452%2C48.044%2C6.458%2C49.314,,,,Air,,Ambient air pollution,,Polluants de l'air,Environment,False,ODbl,Attribution,True,True,False,XLSX| Esri Shape| KML,,Environment,,,False,Portail | API,2019-01-19T00:08:00,True,False,True,False,True,Année,['Irregular'],,2015,True,,EPCI,,True,IDF,2015,,,,,
2021-01-16T00:04:00,emi idf region 2015,,Airparif,['Emissions for all sectors of activity.'],https://data-airparif-asso.opendata.arcgis.com/datasets/emi-idf-region-2015-1?geometry=-1.452%2C48.044%2C6.458%2C49.314,,,,Air,,Ambient air pollution,,Polluants de l'air,Environment,False,ODbl,Attribution,True,True,False,XLSX| Esri Shape| KML,,Environment,,,False,Portail | API,2019-01-19T00:08:00,True,False,True,False,True,Année,['Irregular'],,2015,True,,Région,,True,IDF,2015,,,,,
2021-01-22T00:04:00,Etude de l'Alimentation Totale 2 (EAT),EAT2,ANSES,"['Average content in various chemical contaminants in foods ""as consumed"" (445 substances)']",https://www.data.gouv.fr/fr/datasets/donnees-regionales-eat2-etude-de-l-alimentation-totale/,,,,,Pesticides,Chemical Contaminants in Food,,Polluants de l'alimentation,Health,True,Open License Etalab,Attribution,True,True,False,XLSX,,Health,,,False,,2014-01-06T00:06:00,True,False,True,False,True,,['Irregular'],3Mo,2007 - 2009,True,,Région,,False,FRA,2007,2009,,,,
2021-01-22T00:03:00,Eurosun / HelioClim 1,,Public Health Executive Agency,"['Measuring the exposure of individuals and populations in Europe to UV radiation by using the data of meteorological satellites. From the UV database prepared by ARMINES (Prof. L Wald), an atlas of UV irradiation has been developed by averaging daily UVA and UVB irradiations per month and for four 5-year periods (1988-1992; 1993-1997; 1998-2002; 2003-2007) for Europe as a whole and for individual countries in the region, for UVA, UVB and total UV irradiations, at both absolute and relative levels.']",http://www.soda-pro.com/web-services/spectral/uv-from-helioclim-1,,,,Air,,Exposure of individuals and populations in Europe to UV radiation,,Radiation,Health,False,,,True,True,False,CSV,,Environment,,,True,,2017-01-01T00:07:00,True,False,True,False,True,Journalier,['Daily'],,1985 - 2005,True,,coordonnées x/y,,True,EUROPE,1985,,,,,
2021-01-16T00:04:00,exp idf idf 2017 no2 moyennne annuelle,,Airparif,"['Exposure of populations and territories to pollutant NO2. This layer concerns exposure for the entire Île-de-France region to the ""40 μg/m3 annual average NO2"" criterion for the year 2017. The following values are shown in the layer: nbre_hab_expo: number of inhabitants exposed to the area exposed in km2']",https://data-airparif-asso.opendata.arcgis.com/datasets/exp-idf-idf-2017-no2-moyennne-annuelle-1?geometry=-1.452%2C48.044%2C6.458%2C49.314,,,,Air,,Ambient air pollution,,Polluants de l'air,Environment,False,ODbl,Attribution,True,True,False,XLSX| Esri Shape| KML| GEOJSON,,Environment,,,False,Portail | API,2019-01-29T00:08:00,True,False,True,False,True,Année,['Irregular'],,2017,True,,Région,,True,IDF,2017,,,,,
2021-01-16T00:04:00,exp idf idf 2017 pm10 35j sup 50ug,,Airparif,"['Population and Territory exposure to PM10 pollutant. This layer concerns exposure for the entire Ile-de-France region to the criterion ""35 days greater than 50μg/m3"" for the year 2017. The following values are shown in the layer: nbre_hab_expo: number of inhabitants exposed to surface area_expo: exposed area in km2longur_voirie_expo: road length exposed in km']",https://data-airparif-asso.opendata.arcgis.com/datasets/exp-idf-idf-2017-pm10-35j-sup-50ug?geometry=-1.452%2C48.044%2C6.458%2C49.314,,,,Air,,Ambient air pollution,,Polluants de l'air,Environment,False,ODbl,Attribution,True,True,False,XLSX| Esri Shape| KML| GEOJSON,,Environment,,,False,Portail | API,2019-01-29T00:08:00,True,False,True,False,True,Année,['Irregular'],,2017,True,,Région,,True,IDF,2017,,,,,
2021-01-16T00:04:00,exp idf idf 2017 pm10 moyenne annuelle 40,,Airparif,"['Population and Territory exposure to PM10 pollutant. This layer concerns exposure for the whole of the Île-de-France region to the ""40 μg/m3 annual average PM10"" criterion for the year 2017. The following values are shown in the layer: nbre_hab_expo: number of inhabitants exposed to surface area_expo: exposed area in km2longur_voirie_expo: road length exposed in km']",https://data-airparif-asso.opendata.arcgis.com/datasets/exp-idf-idf-2017-pm10-moyenne-annuelle-40-1?geometry=-1.452%2C48.044%2C6.458%2C49.314,,,,Air,,Ambient air pollution,,Polluants de l'air,Environment,False,ODbl,Attribution,True,True,False,XLSX| Esri Shape| KML| GEOJSON,,Environment,,,False,Portail | API,2019-01-29T00:08:00,True,False,True,False,True,Année,['Irregular'],,2017,True,,Région,,True,IDF,2017,,,,,
2021-01-16T00:04:00,exp idf zag 2017 no2 moyennne annuelle,,Airparif,"['Exposure of populations and territories to pollutant NO2. This layer refers to the exposure for the agglomeration area (ZAG) in Île-de-France to the ""40 μg/m3 annual average NO2"" criterion for the year 2017. The following values are shown in the layer: nbre_hab_expo: number of inhabitants exposed to surface area_expo: exposed area in km2longur_voirie_expo: road length exposed in km']",https://data-airparif-asso.opendata.arcgis.com/datasets/exp-idf-zag-2017-no2-moyennne-annuelle-1/data?geometry=0.346%2C48.509%2C4.301%2C49.142,,,,Air,,Ambient air pollution,,Polluants de l'air,Environment,False,ODbl,Attribution,True,True,False,XLSX| Esri Shape| KML| GEOJSON,,Environment,,,False,Portail | API,2019-01-29T00:08:00,True,False,True,False,True,Année,['Irregular'],,2017,True,,Région,,True,IDF,2017,,,,,
2021-01-16T00:04:00,exp idf zag 2017 pm10 35j sup 50ug,,Airparif,"['Population and Territory exposure to PM10 pollutant. This layer concerns the exhibition for the area of agglomeration (ZAG) in Île-de-France with the criterion ""35 days greater than 50μg/m3"" for the year 2017. The following values are shown in the layer: nbre_hab_expo: number of inhabitants exposed to surface area_expo: exposed area in km2longur_voirie_expo: road length exposed in km']",https://data-airparif-asso.opendata.arcgis.com/datasets/exp-idf-zag-2017-pm10-35j-sup-50ug-1?geometry=0.346%2C48.509%2C4.301%2C49.142,,,,Air,,Ambient air pollution,,Polluants de l'air,Environment,False,ODbl,Attribution,True,True,False,XLSX| Esri Shape| KML| GEOJSON,,Environment,,,False,Portail | API,2019-01-29T00:08:00,True,False,True,False,True,Année,['Irregular'],,2017,True,,Région,,True,IDF,2017,,,,,
2021-01-16T00:04:00,exp idf zag 2017 pm10 moyenne annuelle 40,,Airparif,"['Population and Territory exposure to PM10 pollutant. This layer concerns the exposure for the Agglomeration Area (AAG) in Île-de-France to the ""40 μg/m3 annual average in PM10"" for the year 2017. The following values are shown in the layer: nbre_hab_expo: number of inhabitants exposed to surface area_expo: exposed area in km2longur_voirie_expo: road length exposed in km']",https://data-airparif-asso.opendata.arcgis.com/datasets/exp-idf-zag-2017-pm10-moyenne-annuelle-40-1?geometry=0.346%2C48.509%2C4.301%2C49.142,,,,Air,,Ambient air pollution,,Polluants de l'air,Environment,False,ODbl,Attribution,True,True,False,XLSX| Esri Shape| KML| GEOJSON,,Environment,,,False,Portail | API,2019-01-29T00:08:00,True,False,True,False,True,Année,['Irregular'],,2017,True,,Région,,True,IDF,2017,,,,,
2021-01-22T00:03:00,Exposition à la pollution atmosphérique dans le projet Gazel'Air,Gazel'Air,Sante publique France,"['Annual PM2.5 concentration, PM10, NO2, O3, SO2, benzene, 1989 to 2008']",,,,,Air,,Ambient air pollution,,Pollution de l'air,Environment,False,Not Specified,,True,False,False,Esri ASCII grid,,Environment,,,False,,,True,False,True,False,True,Annuelle,['No information'],,1989 - 2008,True,,Maillage 2km/2km,,True,FXX,1989,,,,,
2021-01-29T00:03:00,Fichier des logements à la commune,FILOCOM,,"['The file contains both quantitative and localized information describing housing, but also on its occupants. The presence of a unique and stable housing identifier in time allows to reconstitute the housing routes']",https://www.casd.eu/source/fichier-des-logements-par-communes/?tab=1,,,,, Indicateurs géographiques et socio-démographiques,Residential premises,,Indicateurs socio-démographiques| polluants de l'air intérieur,Population and Society,False,Not Specified,,True,True,True,CSV| Plain text,,Environment,,,True,,2017-01-01T00:01:00,False,True,True,False,True,N/A,['Every 2 years'],,1995|  1997|  1999|  2001|  2003|  2005|  2007|  2009|  2010|  2011|  2013|  2015 et 2017,True,,Commune / IRIS,,False,FRA,1995,,,,,
2021-01-16T00:04:00,HAM HAP METAUX 2019 2020,,Airparif,['Average annual concentrations of HAM-HAP and metals per station'],https://data-airparif-asso.opendata.arcgis.com/datasets/ham-hap-metaux-2019-2020,,,,Air,,Ambient air pollution,,Polluants de l'air,Environment,False,ODbl,Attribution,True,True,False,CSV,,Environment,,,False,,2020-01-15T00:09:00,True,False,True,False,True,Année,['Annual'],8Ko,2019 - 2020,True,,Station de mesure,,True,IDF,2019,2020,,,,
2021-01-29T00:03:00,Hydrotéléray,,IRSN,['Continuous measurement in wastewater'],https://www.mesure-radioactivite.fr/#/ (RNM),,,,,Physical Agents,Radioactivity,,Radioactivité,Environment,False,Not Specified,,False,True,False,CSV| HTML,,Environment,,,True,,2021-01-29T00:02:00,True,False,True,False,True,Mensuel,['Monthly'],,1991 - en cours,True,,Site de mesure / Commune,,False,FRA,1991,,,,,
2021-01-16T00:04:00,ind idf agglo,,Airparif,['ATMO'],https://data-airparif-asso.opendata.arcgis.com/datasets/ind-idf-agglo-1,,,,Air,,Ambient air pollution,,Polluants de l'air,Environment,False,ODbl,Attribution,True,True,False,XLSX| Esri Shape| KML,,Environment,,,False,Portail | API,2021-01-17T00:02:00,True,False,True,False,True,Journalier,['Daily'],,03/01/2021 - 16/02/2021,True,,Zone,,True,IDF,2021,2021,,,,
2021-01-02T00:03:00,Installations industrielles,ICPE,BRGM,"['This data set corresponds to facilities classified for environmental protection (ICPE) subject to authorization or registration (in construction, operation or termination of activity). The update frequency of this data set is daily.']",https://www.georisques.gouv.fr/donnees/bases-de-donnees/installations-industrielles,,,,Soils,,Pollution / Soil contamination,,Polluants du sol| polluants de l'air,Environment,True,Open License Etalab,Attribution,True,True,False,CSV| Esri Shape,,Environment,,Nomenclature des Installations,False,,2021-01-02T00:03:00,True,True,True,False,True,N/A,['Daily'],"56,8 Mo",,True,,Installations (adresse et coordonnées x/y),RGF93 Lambert 93 | WGS84,False,FRA,,,,,,
2021-01-09T00:03:00,Inventaire de la nature des sols et de leur distribution spatiale,Donesol / IGCS,,"['The IGCS (Inventory, Management and Soil Conservation) program aims to identify, define and locate the main types of soil in a region or territory, and to characterize their properties of interest to agriculture and the environment. The information produced is stored in the national DONESOL database.']",https://dw3.gissol.fr/login,,,,Soils,,Inventaire et cartographie des sols ,,Polluants des sols ,Environment,False,Not Specified,,True,True,True,HTML| PDF| CSV| MDB,https://data.inrae.fr/dataverse/igcs,Environment,,"BDAT, BDETM, BDCF, European Soil Database",False,,,False,False,True,False,True,Y| Y10,[''],,1992 - en cours,True,,Point de mesure et plage cartographique (coordonées x| y),WGS84 | Lambert 93,True,FXX,1992,,,,,
2021-01-29T00:03:00,Inventaire et situation des déchets,OBSINV,ANDRA,"['Description of the physical nature of waste; Description of waste packages, packaged volumes (stocks and forecasts), waste activity (stocks and forecasts), toxic chemicals']",https://inventaire.andra.fr/les-donnees/linventaire-national-en-open-data,,,,,Physical Agents,Déchets radioactifs ,,Radioactivité,Environment,True,Open License Etalab,Attribution,False,True,False,CSV,DataGouv,Environment,,,False,,2021-01-01T00:02:00,True,False,True,False,True,,['Annual'],"1,5Mo",2013-2019,True,,Département / Commune /Code INSEE,,False,FRA,2013,2019,,,,
2021-01-09T00:03:00,Inventaire National Spatialisé des émissions atmosphériques,INS,INERIS,"['Acidification, eutrophication, greenhouse effect, ETM, POP, PAH, Powders. Classified by category. A total of 641 substances.']",http://emissions-air.developpement-durable.gouv.fr/index.html,,,,Air,,"Emissions atmosphériques des secteurs de l'industrie, du transport, tertiaire et agricole ",,Polluants de l'air,Environment,False,Not Specified,,True,True,False,CSV| PNG,,Environment,,INS alimente la base PREV’AIR,False,,,True,True,True,False,True,H| D| M| Y,['Regular'],,2004 |  2007 |  2012,True,,Région / Département / Commune / Maillage kilométrique,,False,FRA,2004,2012,,,,
2021-01-02T00:04:00,Limites administratives,ADMIN EXPRESS,IGN,"['Administrative limits of local authorities, continuous updates.Regions, departments, cantons, communes, arrondissements (for Paris, Lyon and Marseille) and public institutions of intercommunal cooperation (EPCI).']",https://geoservices.ign.fr/documentation/diffusion/telechargement-donnees-libres.html#admin-express,,,,Soils,,Administrative limitations,,Indicateurs socio-démographiques,Regions and Cities,True,Open License Etalab,Attribution,True,True,False,Esri Shape,Géoportail| DataGouv,Standards,,,True,,2021-01-01T00:02:00,True,False,True,False,True,N/A,['Monthly'],"50,3Mo",2017 - en cours,True,,Latitude/Longitude,WGS84 | UTM | Lambert 93,True,FRA,2017,,,,,
2021-01-16T00:04:00,mes idf horaire no2,,Airparif,['Measurements to stations for pollutant NO2. The stations are those of the European minimum. The hourly data for the last 24 hours are updated daily at 14h (local).'],https://data-airparif-asso.opendata.arcgis.com/datasets/mes-idf-horaire-no2?geometry=1.395%2C48.650%2C3.373%2C48.967,,,,Air,,Ambient air pollution,,Polluants de l'air,Environment,False,ODbl,Attribution,True,True,False,XLSX| Esri Shape| KML,DataGouv,Environment,,,True,Portail | API,2021-01-15T00:04:00,True,False,True,False,True,Heure,['Daily'],,09/2017- en cours,True,,Département|  Commune|  Station de mesure,,True,IDF,2017,,,,,
2021-01-16T00:04:00,mes idf horaire nox,,Airparif,['Measurements to stations by pollutant and temporal granulometry.'],https://data-airparif-asso.opendata.arcgis.com/datasets/mes-idf-horaire-nox?geometry=1.395%2C48.650%2C3.373%2C48.967,,,,Air,,Ambient air pollution,,Polluants de l'air,Environment,False,ODbl,Attribution,True,True,False,XLSX| Esri Shape| KML,DataGouv,Environment,,,True,Portail | API,2021-01-15T00:04:00,True,False,True,False,True,Heure,['Daily'],,09/2017- en cours,True,,Département|  Commune|  Station de mesure,,True,IDF,,,,,,
2021-01-16T00:04:00,mes idf horaire o3,,Airparif,['Measurements to stations by pollutant and temporal granulometry.'],https://data-airparif-asso.opendata.arcgis.com/datasets/mes-idf-horaire-o3?geometry=0.211%2C48.358%2C4.166%2C48.993,,,,Air,,Ambient air pollution,,Polluants de l'air,Environment,False,ODbl,Attribution,True,True,False,XLSX| Esri Shape| KML,DataGouv,Environment,,,True,Portail | API,2021-01-15T00:04:00,True,False,True,False,True,Heure,['Daily'],,09/2017- en cours,True,,Département|  Commune|  Station de mesure,,True,IDF,,,,,,
2021-01-16T00:04:00,mes idf horaire pm10,,Airparif,['Measurements to stations by pollutant and temporal granulometry.'],https://data-airparif-asso.opendata.arcgis.com/datasets/mes-idf-horaire-pm10?geometry=0.483%2C48.328%2C4.438%2C48.964,,,,Air,,Ambient air pollution,,Polluants de l'air,Environment,False,ODbl,Attribution,True,True,False,XLSX| Esri Shape| KML,DataGouv,Environment,,,True,Portail | API,2021-01-15T00:04:00,True,False,True,False,True,Heure,['Daily'],,09/2017- en cours,True,,Département|  Commune|  Station de mesure,,True,IDF,2017,,,,,
2021-01-16T00:04:00,mes idf horaire pm25,,Airparif,['Measurements to stations for PM2.5 pollutant. The stations are those of the European minimum. The hourly data for the last 24 hours are updated daily at 14h (local).'],https://data-airparif-asso.opendata.arcgis.com/datasets/mes-idf-horaire-pm25/data?geometry=0.261%2C48.353%2C4.216%2C48.988,,,,Air,,Ambient air pollution,,Polluants de l'air,Environment,False,ODbl,Attribution,True,True,False,XLSX| Esri Shape| KML,DataGouv,Environment,,,True,Portail | API,2021-01-15T00:04:00,True,False,True,False,True,Heure,['Daily'],,09/2017- en cours,True,,Département|  Commune|  Station de mesure,,True,IDF,2017,,,,,
2021-01-21T00:04:00,Mesures de bruit dans l'agglomération de Grenoble,,Acoucité,[''],https://www.acoucite.org/Partenaires/METRO/reseau-de-mesure/API_METRO.php,,,,,Physical Agents,Population exposure to noise,,Bruit,Environment,False,Not Specified,,True,True,False,PDF| HTML,https://www.grenoblealpesmetropole.fr/469-lutte-contre-le-bruit.htm,Environment,,,False,,,False,False,True,False,True,,['No information'],,2012 - en cours,True,,Site de mesure,,True,GRENOBLE,2012,,,,,
2021-01-21T00:04:00,Mesures de bruit dans l'agglomération de Lyon,,Acoucité,"['LDEN (Day,Evening and Night): a weighted sound level A calculated on the three hourly periods, day (6h-18h), evening (18h-22h), night (22h-6h). LNight: A-weighted sound level over the night period (22h-6h)']",https://www.data.gouv.fr/fr/datasets/reseau-permanent-de-mesure-de-bruit-de-la-metropole-de-lyon/#_,,,,,Physical Agents,Noise measures,,Bruit,Environment,True,Open License Etalab,Attribution,True,True,False,PDF| HTML| Esri Shape| GEOJSON,https://www.grandlyon.com/services/cartes-du-bruit.html,Environment,,,False,Portail | API,2020-01-06T00:03:00,True,False,True,False,True,,['Hebdomadaire'],,2006 - en cours,True,,Site de mesure,WGS84 | RGF93 | Lambert 93,True,LYON,2006,,,,,
2021-01-09T00:03:00,Mimausa,,IRSN,"['Location of mining sites, available data on mining sites (synthetic sheets, detailed fact sheets)']",https://mimausabdd.irsn.fr/,,,,Soils,,Anciens sites miniers français d'uranium ,,Pollutions du sol,Environment,False,Not Specified,,True,True,False,HTML| PDF,,Environment,, Carte uniquement visualisable,False,,2019-01-19T00:06:00,True,False,True,False,True,N/A,['Regular'],,2003 - en cours,True,,Site minier,,True,FXX,2003,,,,,
2021-01-31T00:03:00,Modèle global de chimie atmosphérique et de transport,,Météo France,"['Results of the French chemical composition and air transport forecasting model (MOCAGE Quality of the Air) in the form of grid-point forecasting fields for 120 gas species (Ozone, CO, CO2, U.V. etc.) and 4 aerosols (carbon, desert, anthropogenic and marine). Parameters, levels, deadlines and areas set out according to various resolutions and deadlines from 12 to 108 h by 1h, 3h or 6h on the world (forcing by a global model), or France (forcing by a limited-air model)']",https://donneespubliques.meteofrance.fr/?fond=produit&id_produit=200&id_rubrique=42,,,,Air,,Air chemistry and transport forecast,,Polluants de la intérieur,Environment,True,Open License Etalab,Attribution,True,True,True,GRIB2,,Environment,,,True,,,True,True,True,False,True,H| H3,['Daily'],,en cours,True,,Latitude/Longitude,,True,FRA,,,,,,
,Natura 2000,,MTES,"['European, terrestrial and marine natural sites identified for the scarcity or fragility of wild, animal or plant species and their habitats.']",https://inpn.mnhn.fr/site/natura2000/stats,,,,, Biodiversité,Recensement des sites naturels/ biodiversité ,,NDVI,Environment,False,Not Specified,,True,True,False,MDB| XML| CSV,DataGouv| Geoportail,Environment,,BD-Carthage,True,,2020-01-01T00:12:00,True,False,True,False,True,N/A,['Regular'],"25,4 Mo",2007 - en cours,True,,coordonnées x/y|  code INSEE,,False,FXX,2007,,,,,
2021-01-09T00:03:00,Observatoire national de Mesure et d’Evaluation en zone Rurale de la pollution Atmosphérique à longue distance,MERA,IMT Nord Europe,"['Atmospheric depositions (major inorganic compounds, heavy metals, PAHs), gaseous compounds (O3, NO2, Volatile Organic Compounds) and particulate matter (gravimetry of PM10 and PM2.5, heavy metals and PAHs in PM10, PM2.5 specification) and weather parameters']",http://ebas.nilu.no/,,,,Air,,Qualité de l’air : pollution atmosphérique ,,Polluants de l’air,Environment,False,Not Specified,,True,True,False,Esri ASCII grid,,Environment,,Bases de données ATMO,True,,,True,False,True,False,True,Variable selon les données,['Annual'],,1990 - en cours,True,,Station de mesure,,True,FXX,1990,,,,,
2021-01-22T00:03:00,Occupation du sol à grande échelle,OCS GE,IGN,"['Visualization of meadow areas, soil impermeability rates, metropolitan France and overseas departments and regions (DROM). 2015 version and 20 meters resolution.']",https://geoservices.ign.fr/documentation/diffusion/telechargement-donnees-libres.html#ocs-ge,,,,Soils,,Land occupation,,Polluants du sol| pesticides,Environment,True,Open License Etalab,Attribution,True,True,False,Esri Shape,Géoportail,Environment,,"BD ORTHO, RPG",True,,2019-01-01T00:11:00,True,False,True,False,True,N/A,['Irregular'],/,,True,,coordonnées x/y,Lambert 93 | UTM,True,FRA,,,,,,
2021-01-04T00:08:00,ORANHE,,Cerema,['Noise and air quality mapping calculated by Cerema'],https://www.orhane.fr/,,,,,,Air quality and Bruit,,Bruit,Transport,False,Not Specified,,True,True,False,,,Environment,,,False,,,True,False,False,False,False,,['No information'],,2017 à 2022,True,,,,True,ARA,2017,,,,,
2021-01-21T00:04:00,ORHANE,ORHANE,Acoucité,['Location of Air / Bruit co-exposure areas'],http://www.orhane.fr/,,,,,Physical Agents,Air quality and acoustic,,Bruit| Air,Environment,False,Not Specified,,True,True,False,HTML,,Environment,,,False,,,True,False,True,False,True,,['Every 5 years'],,2014 - en cours,True,,maille 10mx10m,,True,ARA,2014,,,,,
2021-01-13T00:04:00,"Orientation, taille, statut et mode de faire-valoir des exploitations",,SSP  /  Ministère de l'Agriculture et de l’Alimentation,[''],https://agreste.agriculture.gouv.fr/agreste-web/disaron/ESEA16_3/detail/,,,,Soils, Indicateurs géographiques et socio-démographiques,Agricultural conditions,,Pesticides| biocides| NDVI,Agriculture and Fisheries,False,Not Specified,,True,True,False,CSV,,Environment,,,True,,2020-01-22T00:01:00,True,False,True,False,True,N/A,['Irregular'],"7,2Mo",2016,True,,France entière|  métropole ou DOM,,True,FXX+GUF+MTQ+GLP+REU,2016,,,,,
2021-01-15T00:02:00,Pesticides dans les eaux souterraines,,MTES,"['Information on contamination of groundwater by pesticides is regularly disseminated. They are based on the use of data from the groundwater monitoring network, which includes nearly 2,200 measurement stations spread over French territory (metropolis and overseas).']",,,,,Water,Pesticides,Groundwater pollution,,Pesticides| biocides| NDVI,Environment,True,Open License Etalab,Attribution,True,True,True,CSV,https://www.data.gouv.fr/fr/datasets/pesticides-dans-les-eaux-souterraines/#_,Environment,,ADES,True,,2012-01-01T00:01:00,True,True,True,False,True,Annuelle,['Annual'],1-45 Mo,2007 - 2012,True,,Station (coordonnées x/y|  numéro INSEE),,False,FRA,2007,,,,,
2021-01-04T00:08:00,plaMADE,plaMADE,Cerema,['Traffic data collected from border infrastructure managers'],,,,,,Agents physiques,Road traffic,,Bruit,Transport,False,Not Specified,,True,True,False,,,Environment,,,False,,,True,False,False,False,False,,['No information'],,,True,,,,True,FXX,,,,,,
2021-01-01T00:04:00,Plan d’exposition au bruit,PEB,IGN,['The PEB is a graphical document on the scale of the 1/25000th that defines four areas of discomfort quantified by the Level day evening night index (Lden).'],https://www.geoportail.gouv.fr/donnees/plan-dexposition-au-bruit-peb,,,,,Physical Agents,Bruit,,Bruit,Transport,False,Not Specified,,True,False,False,HTML| PDF,,Environment,,,True,,2020-01-01T00:01:00,True,False,False,False,True,N/A,['Irregular'],/,,True,,1/ 25000,,True,FXX,,,,,,
2021-01-01T00:04:00,Plan de gêne sonore,PGS,MTES,['Visualization of sound discomfort plans (PGS) at airports. Sound embarrassment plans delineate areas in which residents can benefit from sound housing support'],https://www.geoportail.gouv.fr/donnees/plan-de-gene-sonore-pgs,,,,,Physical Agents,Bruit,,Bruit,Transport,False,Not Specified,,True,False,False,HTML,,Environment,,,True,,,True,False,True,False,True,N/A,['Irregular'],/,,True,,,,True,FXX,,,,,,
2021-01-02T00:04:00,Point d'eau ADES,,BRGM,"['Each water point has a national code. This is the water point file code in the Bank of the Sub-Sol (BSS). It consists of the concatenation of the BSS index (10 characters) and the BSS designation (6 characters) separated by a character ""/"". Each water point is located by its geographic coordinates within the framework of a projection system and attached to the municipality on the territory of which it is located. The allocation of the commune, altitude, the geographic coordinates at the water point is under the responsibility of the regional geological services of the BRGM as part of its management mision of the BSS. Water point information is the responsibility of the managers of the different functions of the water point.']",https://www.data.gouv.fr/fr/datasets/point-deau-pte/,,,,Water,,Water quality,,Polluants de l'eau,Environment,True,Open License Etalab,Attribution,True,True,False,GEOJSON| Esri Shape,Infoterre / Sandre,Environment,,BSS,True,,2020-01-01T00:12:00,True,False,True,False,True,N/A,['Punctual'],,,True,,coordonnées x/y,,True,FRA,,,,,,
2021-01-22T00:04:00,Pollens et moisissures,Pollen,RNSA,['Concentrations in air of pollen and air molds Allergic risk index'],https://www.pollens.fr/reports/database,,,,Air,,"A􏰃robiologie, Qualit􏰃 de l􏰁air : pollens, moisissures ",,Polluants de l'air,Environment,False,Not Specified,,True,True,False,XLS,,Environment,,,False,,,True,False,True,False,True,Journalier,['Hebdomadaire'],,1987 - en cours,True,,Ville,,True,FXX,1987,,,,,
2021-01-22T00:03:00,PREV'AIR,PREV'AIR,INERIS,"['Operational air quality forecasting system. Modelling ozone concentrations, NO2, PM10, PM2.5, on average daily and in hourly peaks on Europe and France']",https://www.data.gouv.fr/fr/datasets/mise-a-disposition-de-donnees-de-qualite-de-lair-sur-la-france-www-prevair-org-1/#_,,,,Air,,Air quality,,Polluants de l'air,Environment,True,Open License Etalab,Attribution,False,True,False,NetCDF,,Environment,,GEOD'AIR,True,,2021-01-22T00:03:00,True,False,False,False,True,Journalier,['Daily'],,02/2021 - 03/2021,True,,lat/long,,False,FXX,2021,2021,,,,
2021-01-13T00:04:00,Principales cultures par tranche de superficie et par petites régions agricoles,,SSP  /  Ministère de l'Agriculture et de l’Alimentation,['SetMoins 1 hectareFrom 1 to less than 5 hectaresFrom 5 to less than 10 hectaresFrom 10 to less than 20 hectaresFrom 20 to less than 30 hectaresFrom 30 to less than 50 hectaresFrom 50 to less than 70 hectares70 hectares or more'],https://agreste.agriculture.gouv.fr/agreste-web/disaron/RA_6013_2/detail/,,,,,,Agricultural conditions,,Pesticides| biocides| NDVI,Agriculture and Fisheries,True,Open License Etalab,Attribution,True,True,False,CSV,,Environment,,RGA,True,,2019-01-12T00:07:00,True,False,True,False,True,N/A,['All decades'],"24,5Mo",2000 et 2010,True,,Département|  Petites régions agricoles,,False,FRA,2000,,,,,
2021-01-15T00:02:00,Produits Biocides,,MTES,['Reported biocide product database'],https://www.data.gouv.fr/fr/datasets/produits-biocides-30381961/,,,,,Pesticides,Biocides,,Pesticides| biocides| NDVI| métaux,Environment,True,Open License Etalab,Attribution,True,True,False,CSV,,Environment,,,True,,2018-01-01T00:10:00,True,False,True,False,True,N/A,['Irregular'],"21,6 Mo",N/A,True,,,,True,,,,,,,
2021-01-22T00:04:00,Quadrige 2,,IFREMER,"['Physical, chemical and biological parameters for describing the French coastline environment, More than 1500 parameters in base in 2018. Followed parameters: Chemical ContaminantsHydrologyPhytoplanctonBenthos of furniture substratesBenthos of hard substrate - CoralBenthos of hard substrate - Fish']",https://quadrige.eaufrance.fr/Acces-aux-donnees/Surval/Donnees-par-parametre#/map,,,,Eaux,,Qualité des eaux littorales ,,Polluants de l'eau,Environment,False,Not Specified,,True,True,False,CSV| HTML,,Environment,,,False,Portail | API,,True,False,True,False,True,Irrégulière,['Regular'],,1974 - en cours,True,,Site de mesure,,True,FRA,1974,,,,,
2021-01-15T00:02:00,Recensement Général Agricole,RGA,SSP  /  Ministère de l'Agriculture et de l’Alimentation,"['The General Agricole Census provides statistics on the number of farms, the technical-economic orientations of the municipalities, the agricultural surfaces used, the productions and areas concerned, the areas still grassy, and the main grasslands. These data are therefore qualitative, and communal.']",https://agreste.agriculture.gouv.fr/agreste-web/,,,,Soils, Indicateurs géographiques et socio-démographiques,Agricultural conditions,,Pesticides| NDVI,Agriculture and Fisheries,True,Open License Etalab,Attribution,True,True,False,CSV| Plain text,DataGouv,Environment,,,True,,2010-01-01T00:01:00,True,False,True,False,True,N/A,['Every 10 to 12 years'],,1970 - 2010,True,,Siège exploitation agricole (coordonnées x/y),,False,FRA,1979,,,,,
2021-01-21T00:04:00,Référentiel masse d’eau (+ Bassins Versants),,Agence de l'eau Loire-Bretagne,[''],https://www.data.gouv.fr/fr/datasets/bassins-versants-des-masses-deau-loire-bretagne/,,,,Water,,Water mass standard,,Polluants de l'eau,Environment,False,Not Specified,,True,True,False,Esri Shape| GEOJSON| PNG| PDF,https://geo.data.gouv.fr/fr/datasets/b28a0cdbbf507bbd08387dc7f5f49214a10aa59f,Standards,,,False,,2021-01-21T00:01:00,True,False,True,False,True,,['Every 6 years'],,2016,True,,,,True,BRE+PDL,2016,,,,,
2021-01-15T00:02:00,Registre Français des émissions polluantes,IREP,MTES,"['This pollutant release and transfer register (PRTR) is a national inventory:- chemical substances and/or potentially hazardous pollutants released into air, water and soil- of the production and processing of hazardous and non-hazardous waste Annual report of wastes and emissions polluting in air, water, soil by operators of classified facilities subject to the Order of January 31, 2008; The statements cover 160 pollutants in air and water, 130 in soil and about 850 wastes']",https://www.data.gouv.fr/fr/datasets/registre-francais-des-emissions-polluantes/#_,,,,Soils| Eau | Air,,Pollutant emissions and wastes,,,Environment,True,Open License Etalab,Attribution,True,True,False,CSV,Géorisques,Environment,,,True,,2021-01-01T00:01:00,True,False,True,False,True,N/A,['Punctually'],60 Mo,2003 - en cours,True,,Site (coordonnées x/y),,True,FRA,2003,,,,,
,Registre Parcellaire Graphique,RPG,ASP,['The graphical register is a geographical database used as a reference to the instruction of aids of the Common Agricultural Policy (CAP).'],https://www.data.gouv.fr/fr/datasets/registre-parcellaire-graphique-rpg-contours-des-parcelles-et-ilots-culturaux-et-leur-groupe-de-cultures-majoritaire/,,,,Soils,,Agricultural conditions,,Pesticides| biocides| NDVI,Agriculture and Fisheries,True,Open License Etalab,Attribution,True,True,True,Esri Shape,Geoportail / Portail de l'ASP,Environment,,,False,,2021-01-01T00:07:00,True,True,True,False,True,N/A,['Annual'],impossible de télécharger les données via datagouv (error proxy),depuis 2010,True,,Parcelles (coordonnées x/y),RGF93| Lambert-93| UTM,True,FXX+GLP+MTQ+GUF+REU,2010,,,,,
2021-01-21T00:04:00,Réseau de mesure pour la mesure de la qualité des eaux de surface,OSUR,Agence de l'eau Loire-Bretagne,[''],http://carmen.carmencarto.fr/179/OSUR.map,,,,Water,,Station measurement networks,,Polluants de l'eau,Environment,True,Open License,Attribution,True,True,False,MapInfo TAB file| KML| Esri Shape| PNG| PDF,,Environment,,,False,,,True,False,True,False,True,,['No information'],,1971 - en cours,True,,Station de mesure,,True,BRE+PDL+ARA+BFC+CVL+NOR+NAQ+OCC,1971,,,,,
,Réseau de Mesures de la Qualité des Sols (RMQS),RMQS,GIS SOL,"['Follow-up of 2,200 sites spread evenly over the French territory (metropolis and overseas) according to a square mesh of 16 km side; Physico-chemical analysis; Elements traces; Ground occupations; Cultural practices; organic pollutants (HAP, Dioxins, Furans, PCBs, organochlorinated pesticides); biological analyses']",https://data.inrae.fr/dataset.xhtml?persistentId=doi:10.15454/UEZXBY,,,,Soils,,Soil quality,,Polluants du sol| composés organiques| métaux,Environment,True,Licence CC0,,True,True,True,HTML| Esri Shape,INRAe / GIS Sol,Environment,,"Quelques jeux de données et cartes sont téléchargeables sur le portail de l'INRA ; Ce jeu de données rassemble le résultats du calcul d'indice de seuils de détection d’anomalies en ETM dans les sols. Ces seuils correspondent à des vibrisses qui ont été calculées à partir des teneurs en éléments traces du RMQS situées dans un rayon de 50 km autour du point considéré, avec un minimum de 10 points pour les horizons 0-30 cm et 30-50 cm.",True,,,False,True,True,False,True,N/A,['Irregular'],,2001 - en cours,True,,Maillage (16 km / 16 km),,True,FRA,2001,,,,,
2021-01-29T00:03:00,REseau national de suivi à long terme des ECOsystèmes FORestiers,RENECOF OR,ONF,['General description of the site Dendrometric measurements Observation of the health of the population Description of soil profiles Physico-chemical monitoring of soils Inventory of the floristic composition Phenological monitoring of the population Monitoring of the mineral nutrition of trees Following of the litter falls Monitoring of off and under forest cover atmospheric deposition Monitoring of soil solutions chemistry Meteorological monitoring Monitoring of ozone concentrations of air and associated symptoms on vegetation'],http://www1.onf.fr/renecofor/sommaire/sites,,,,Soils,Biodiversity,Ecosystèmes forestiers ,,NDVI| pesticides| polluants du sol,Environment,False,Not Specified,,True,True,False,Excel XLS| CSV| Plain text| HTML,,Environment,,,True,,2021-01-01T00:01:00,False,True,True,False,True,N/A,['Irregular'],,1992 - en cours,True,,Site d'observation,,True,FXX,1992,,,,,
2021-01-20T00:04:00,RUMEUR,,Bruitparif,"['Measurement data and noise indicators (energy indicators, event indicators, Harmonica general public index) from the permanent stations in Bruitparif (over 50 permanent stations) as well as measurement campaigns (over 600 short-term measurements). The number of measuring sites is increasing steadily.List of noise peaks related to aircraft overflights on airport noise measurement stations (with associated acoustic characteristics)']",https://rumeur.bruitparif.fr/,,,,,Physical Agents,Noise measures,,Bruit,Environment,False,Not Specified,,True,True,False,XLSX| HTML,,Environment,,,False,,,True,False,True,False,True,Horaire,['No information'],,2009 - en cours,True,,Site de mesure,,True,IDF,2009,,,,,
2021-01-09T00:03:00,SINOE,SINOE,ADEME,"['Location of waste processing sites, operator names, site description of wastes, analysis of waste management costs']",https://www.sinoe.org/index,,,,Soils,,"Gestion des déchets, Développement durable",,Déchets,Environment,True,Open License Etalab,Attribution,True,True,False,Excel XLS| CSV| HTML,Portail de l'Ademe| DataGouv,Environment,,,False,,2018-01-01T00:07:00,True,True,True,True,True,,['Regular'],,2004 - en cours,True,,Site de traitement (adresse|  coordonnées x/y),,True,FRA,2004,,,,,
2021-01-04T00:08:00,SISE-Eau,SISE-Eau,SISE Eau,['Collections from January to December 2020'],https://www.data.gouv.fr/fr/datasets/resultats-du-controle-sanitaire-de-leau-distribuee-commune-par-commune/#_,,,,,,Water Contaminants,,Polluants de l'eau,Environment,True,Open License Etalab,Attribution,False,True,False,TXT,,Environment,,,False,,,True,False,False,False,False,,[''],,2016 - 2021,True,,Commune / UDI,,True,FRA,2016,,,,,
2021-01-09T00:03:00,Surveillance de la qualité de l'air dans les établissements recevant du public,INTAIRIEU R,INERIS,"['General description of the establishment (type of construction, ventilation,...), corresponding sampling and analysis of substances covered by the decree of January 05, 2012']",,,,,Air,,Qualité de l'air dans les établissements recevant du public ,,Polluants de l'air intérieur,Health,False,Not Specified,,True,True,False,CSV,https://surveillance-air-interieur.ineris.fr/,Environment,,,False,,,True,True,True,False,True,2 prélèvements sur une année par établissement ,['every 7 years if no exceedance'],,2014 - en cours,True,,Etablissement (adresse),,True,FRA,2014,,,,,
2021-01-15T00:02:00,Système d'information en Santé-Environnement sur les Eaux,SISE-Eaux,DGS / Ministère de la Santé et des Solidarités,"['General description of water capture, production and distribution facilities; Description of bathing sites; Description of monitoring points; Results of analyses of the health control of water for human consumption, mineral water, bathing water and for some departments of pool water']",https://ades.eaufrance.fr/Recherche,,,,Water,,Water quality,,Polluants de l'eau de boisson,Environment,True,Open License Etalab,Attribution,True,True,True,Excel XLS| Plain text,https://www.data.gouv.fr/fr/datasets/resultats-du-controle-sanitaire-de-leau-distribuee-commune-par-commune/#_,Environment,,BSS,True,,2021-01-01T00:01:00,True,False,False,False,True,N/A,['Semester (via ADES)'],,1994 - en cours,True,,point d'eau (coordonnées x/y),Coordonnées x| y ,False,FRA,1994,,,,,
,Système d'Information sur l'Eau,SIE,OIEau,[''],,,,,,,,,,Environment,False,,,False,False,False,,,Environment,,,False,,,False,False,False,False,False,,[''],,,False,,,,False,,,,,,,
2021-01-29T00:03:00,Téléray,,IRSN,['gamma raying in ambient air'],https://www.mesure-radioactivite.fr/#/ (RNM),,,,,Physical Agents,Ionizing radiation,,Radioactivité,Environment,False,Not Specified,,False,True,False,CSV| HTML,https://remon.jrc.ec.europa.eu/ (Remon)http://teleray.irsn.fr/#mappage&ui-state=dialog,Environment,,,True,,2021-01-29T00:02:00,True,False,True,False,True,Journalier,['Real time'],,1993 - en cours,True,,Site de mesure / Commune,,False,FRA,1993,,,,,
2021-01-13T00:04:00,Utilisation du territoire,,SSP  /  Ministère de l'Agriculture et de l’Alimentation,[''],https://agreste.agriculture.gouv.fr/agreste-web/disaron/SAANR_1/detail/,,,,Soils, Indicateurs géographiques et socio-démographiques,Agricultural conditions,,Pesticides| biocides| NDVI,Agriculture and Fisheries,False,Not Specified,,True,True,False,CSV,,Environment,,,False,,2021-01-12T00:04:00,True,False,True,False,True,N/A,['Annual'],791Ko,2000-2020,True,,Département|  Région,,True,FRA,2000,,,,,
2021-01-12T00:04:00,Vignes,,SSP  /  Ministère de l'Agriculture et de l’Alimentation,['Number of farms by cultivating Area of crop (ares)Agricultural area used (SAU) (hectares) Standard gross product (PBS) (1000 euros)Work volume (UTA)'],https://agreste.agriculture.gouv.fr/agreste-web/disaron/G_0017/detail/,,,,,,Agricultural conditions,,Pesticides| biocides| NDVI,Agriculture and Fisheries,True,Open License Etalab,Attribution,True,True,False,Plain text,,Environment,,RGA,True,,2017-01-13T00:12:00,True,False,True,False,True,N/A,['All decades'],"578,8Ko",2000|  2010,True,,Région|  Département,,True,FRA,2000,,,,,
2021-01-22T00:04:00,Xenair,,INERIS,"['The XENAIR project will investigate the association of breast cancer risk (overall and by hormone receptor status) with chronic to selected air pollutants, including particulate matter, nitrogen dioxide (NO2), ozone (O3), BaP, dioxins, PCB-153, and cadmium. A convention was developed by ATMO France with the Centre de recherche Léon Bérard to value data from Gazel Air as part of the Xenair project, funded by the ARC Foundation for Cancer Research.']",,,,,Air,,Qualité de l’air : pollution atmosphérique ,,Polluants de l'air,Environment,False,Not Specified,,True,False,False,Non renseigné,,Environment,,,False,,,True,False,True,False,True,Non renseigné,['No information'],,Non renseigné,True,,Non renseigné,,True,,,,,,,
2021-01-19T00:04:00,Zones sensibles - France entière,,OIEau,"['Article R211-94 of the Environmental Code, transposing in French law Article 5 and Appendix II of the Urban Residual Disequilibration Directive (91/271/EEC UWWT) defines sensitive areas such as water masses that are particularly sensitive to pollution, including those that are determined to be eutrophic or may become eutrophic in the short term if measures are not taken']",https://www.sandre.eaufrance.fr/atlas/srv/fre/catalog.search#/metadata/de76fc76-3285-45ff-8e46-b54cc34ee870,,,,Water,,Cartography of pollution-sensitive water masses,,Polluants de l'eau,Environment,True,Open License Etalab,Attribution,True,False,True,Esri Shape | SQL ,,Environment,,,False,,2021-01-19T00:03:00,True,False,True,False,True,N/A,['Irregular'],,2018,True,,lat/long  1/50 000,,True,FRA+MAF+BLM,2018,,,,,
2021-01-19T00:04:00,Zones vulnérables - Historique,,OIEau,"['Each vulnerable area corresponds to a prefectural order (prefect basin coordinator) after advice from the Hygiene Departmental Council, the General and Regional Council and the Basin Committee. Vulnerable areas are reviewed at least every 4 years. The perimeter of vulnerable areas is defined by administrative division of basin according to 2 modalities:1) Municipal limits: It extends to the limit of all municipalities designated in vulnerable areas.2) Cadastral limits (infra-communal): It covers cadastral sections for municipalities designated in vulnerable areas.']",https://www.sandre.eaufrance.fr/atlas/srv/fre/catalog.search#/metadata/3cc9aee4-25ee-473e-8139-f4ddfdcff7ba,,,,,,Water-polluted area mapping,,Polluants de l'eau,Environment,True,Open License Etalab,Attribution,True,False,True,Esri Shape | SQL ,,Environment,,,False,,2021-01-01T00:01:00,True,False,True,False,True,N/A,['Irregular'],,2007|  2013|  2015,True,,lat/long  1/50 001,,False,FXX,2007,,,,,
2021-01-19T00:04:00,Zones vulnérables - Métropole,,OIEau,"['Each vulnerable area corresponds to a prefectural order (prefect basin coordinator) after advice from the Hygiene Departmental Council, the General and Regional Council and the Basin Committee. Vulnerable areas are reviewed at least every 4 years. The perimeter of vulnerable areas is defined by administrative division of basin according to 2 modalities:1) Municipal limits: It extends to the limit of all municipalities designated in vulnerable areas.2) Cadastral limits (infra-communal): It covers cadastral sections for municipalities designated in vulnerable areas.']",https://www.sandre.eaufrance.fr/atlas/srv/fre/catalog.search#/metadata/8ddc0f01-6708-4b23-a79a-e9bac3beeee6,,,,Water,,Water-polluted area mapping,,Polluants de l'eau,Environment,True,Open License Etalab,Attribution,True,False,True,Esri Shape | SQL ,,Environment,,,False,,2021-01-01T00:01:00,True,False,True,False,True,N/A,['Irregular'],,2020,True,,lat/long  1/50 002,,False,FXX,2020,,,,,
