Date de dernière modification,Nom,Sigle,Organismes,Description,Lien,Modalité de contact,Contact,Type,Milieu,Nature et Usage,Sous thématique,Facteur d’exposition,Catégorie de facteur d’exposition,Catégorie thématique,Données Ouvertes,Nom de licence,Type de licence,A des restrictions,Tarification,Compliance,Format des données (DCAT AP),Autres points d’accès,Domaine  de référence des données,Référentiels associés,jeux de données associés,Mise à jour automatique,Mode de diffusion,Dernière Mise à Jour,Téléchargeable,Documentation,Filtrage des données,Données manquantes,Moteur de Recherche,Etendue temporelle,Fréquence de mise à jour,Volume,Année  ,Données géospatiales / géolocalisée,Couverture administrative  territoriale,Niveau d’information géographique,Système de Projection,Référentiels géographiques associés,Couverture géographique/géospatial,Année de début,Année de fin,DOI,Résolution des données,Protocole d’echange,Theme
2021-01-01T00:04:00,Adresses,,IGN,Localisation des adresses sur tout le territoire national.,https://geoservices.ign.fr/documentation/diffusion/telechargement-donnees-libres.html#adresse-premium,,,,Sols,,Adresses,,Indicateurs socio-démographiques,Régions et villes,True,Licence Ouverte Etalab,Attribution,True,True,False,Esri Shape,,Référentiel,,,True,,,True,False,True,False,True,N/A,Irrégulière,,,True,,Latitude/Longitude,Lambert 93 | UTM,True,FRA,,,,,,
2021-01-22T00:03:00,"ARIA (Analyse, Recherche et Information sur les Accidents)",,BARPI / DGPR / MTES,,https://www.data.gouv.fr/fr/datasets/analyse-recherche-et-information-sur-les-accidents/,,,,Sols| Air| Eau,,Accidentologie,,Indicateurs socio-démographiques,Population et société,False,Non renseigné,,True,True,False,CSV | PDF,ARIA,Environnement,,ICPE,True,,,True,False,True,False,True,N/A,Annuelle ?,"20,6Mo",Non renseigné,True,,Commune,,True,FRA+SPM+BLM+WLF+PYF+NCL,,,,,,
2021-01-29T00:03:00,Atlas régionaux des inégalités environnementales,PLAINE,INERIS,"Construction des cartes environnementales et d’exposition des atlas régionaux réalisées pour quatre Eléments Traces Métalliques (ETM) (Cd, Cr, Ni, Pb) et HAP",https://www.ineris.fr/fr/dossiers-thematiques/tous-dossiers-thematiques/inegalites-environnementales/atlas,,,,Sols,,Indicateurs d'exposition spatialisés agrégés et combinés ,,,Environnement,False,Non renseigné,,True,True,False,PDF,,Environnement,,,True,,,False,True,True,False,True,N/A,Irrégulière,,2009 - en cours,True,,Région,,True,FXX,2009,,,,,
2021-01-02T00:04:00,Banque du sous-sol,BSS,BRGM,"La BSS recense les fiches signalétiques de l'ensemble des ouvrages de la BSS (plus de 700.000 ouvrages décrits, associés à plus de 2.000.000 de pages de documents techniques). La Banque de données du Sous-Sol (BSS) contient des informations brutes géologiques et techniques relatives à des ouvrages souterrains : localisation, objet, description géologique, équipement technique des forages. Les informations mises à la disposition du public dans les documents de la Banque du Sous-Sol (BSS), sont communiquées par des tiers dans le cadre des dispositions prévues par le Code Minier (art. 131 à 136).",http://www.geocatalogue.fr/Detail.do?id=4163,,,,Sols| Eau,,Géologie,,Polluants du sol,Environnement,True,Licence Ouverte Etalab,Attribution,True,True,False,CSV,Infoterre,Environnement,,ADES,True,,,True,False,True,False,True,N/A,Ponctuelle,,en cours,True,,coordonnées x/y,,True,FRA,,,,,,
2021-01-22T00:04:00,Banque nationale d'Accès aux Données sur les Eaux Souterraines,ADES,BRGM,Données quantitatives (niveau des nappes) et qualitatives (concentration de nombreux paramètres) relatives aux eau􏰄 souterraines: 263 r􏰃seau􏰄 d􏰃clar􏰃s contenant 75954 points d􏰁eau comportant 4265 piézomètres et 72975 qualitomètres.,https://ades.eaufrance.fr/Recherche,,,,Eau,,Eauxs souterraines ,,Polluants de l'eau,Environnement,False,,,True,True,False,CSV| Plain text,,Environnement,,,False,,,True,False,True,False,True,D| W,Régulière,,Variable selon les données - en cours,True,,Site de mesure,,True,FRA,,,,,,
2021-01-22T00:04:00,Banque nationale des ventes réalisées par les distributeurs de produits phytosanitaires,BNV-D,AFB,Données de vente de produits phytopharmaceutiques issues des déclarations des distributeurs (ou des agriculteurs ayant acheté à l'étranger),https://www.data.gouv.fr/fr/datasets/ventes-de-pesticides-par-departement/,,,,,,Ventes de produits phytopharmaceutiques,,Produits phytopharmaceutiques| substances phytopharmaceutiques,Environnement,True,Licence Ouverte Etalab,Attribution,True,True,False,CSV,https://bnvd.ineris.fr/,Environnement,,,False,,2020-01-18T00:12:00,True,False,True,False,True,N/A,Annuelle,,2008 - en cours,True,,/,,False,/,2008,,,,,
2021-01-09T00:03:00,Base DDIE,DDIE,,"Pour les mines dites ""métalliques"" : positionnement des dépôts, analyses chimique et NITON pour les dépôts les plus importants, positionnement des principaux enjeux. Regroupement des dépôts en secteurs. Classement de ces secteurs en fonction de l'impact sanitaire et environnemental potentiel des dépôts qu'ils contiennent. Les contours géographiques sont aussi disponibles pour certains dépôts. Pour les mines de charbon : uniquement positionnement et contourage des dépôts.",,,,,Sols| Air,,Inventaire des dépôts de résidus miniers ,,Polluants du sol| polluants de l'air,Environnement,False,Non renseigné,,True,True,False,Exel XLS| MapInfo TAB file,MIMAUSA,Environnement,, Mise à jour en fonction des nouvelles données acquises dans le cadre d'autres études,True,,,True,False,True,False,True,N/A,irrégulière,,2009 - 2012,True,,,,False,FXX,2009,2012,,,,
2021-01-05T00:03:00,Base de Données Carbone France,BDCF,,Teneur en carbone organique : Profils mesurés et géoréférencés contenant une information sur la teneur en carbone des sols,,,,,Sols,,Propriétés physico-chimiques des sols et occupation des terres ,,,Environnement,False,Non renseigné,,True,True,True,Excel XLSX,,Environnement,,BDAT,True,,,True,True,True,True,True,N/A,irrégulière,,1965-1998,True,,Points de mesure,,True,FXX,1995,1998,,,,
2021-01-02T00:03:00,Base de données d'analyse des terres (BDAT),BDAT,,"Avec la collaboration de laboratoires d’analyses de terre agréés par le ministère chargé de l’Agriculture, le Gis Sol met à disposition des résultats agrégés, issus du traitement des analyses de la BDAT (base de données des analyses de terre), soit plus de 2 millions d’échantillons d’horizons de surface de sols cultivés, prélevés en France entre 1990 et 2014. Ce sont ainsi plus de 26 millions de résultats d’analyses qui sont regroupées dans la base de données.",http://www.gissol.fr/donnees/tableaux-de-donnees/donnees-de-la-bdat-3028,,,,Sols,,Qualité agronomique des sols ,,Polluants du sol| composés organiques| métaux,"Agriculture, pêche, sylviculture et alimentation",True,Licence CC-BY-NC-SA,,True,True,True,CSV,INRAE | GIS Sol,Environnement,,,True,,2014-01-01T00:01:00,False,True,True,False,True,données agrégées par période de 5 ans,Irrégulière,822 Ko,1990-2004 (2014 en théorie),True,,Canton,,False,FXX,1965,2004,,,,
2021-01-21T00:04:00,Base de données des pratiques et niveaux d’exposition aux musiques amplifiées du jeune public,Kiwi,Bruitparif,"Niveaux et temps d’écoute individuels de musique au casque ou avec des écouteurs, matériel utilisé, autres sources d’exposition (fréquentation de lieux de diffusion de musique amplifiée, pratique musicale, jeux vidéo)",https://www.bruitparif.fr/pages/Actualites/2016-12-06%20Bruitparif%20re%C3%A7oit%20le%20d%C3%A9cibel%20d'or/Dossier%20de%20pr%C3%A9sentation%20Kiwi.pdf,,,,,Agents Physiques,Niveaux d'exposition aux musiques amplifiées du jeune publique,,Bruit,Santé,False,Non renseigné,,True,False,False,PDF| XLSX,,Santé,,,False,,,True,False,True,False,True,N/A,Non renseigné,,2015 - en cours,True,,établissement scolaire,,True,IDF,2015,,,,,
2021-01-02T00:03:00,Base de Données Eléments Traces Métalliques (BDETM),BDETM,,Analyses des teneurs en ETM réglementaires sur les terrains recevant des boues de station d'épuration urbaine. Les statistiques sont calculées sur des sous populations par tranche temporelle de 10 ans.,,,,,Sols,,Qualité des sols,,Polluants du sol| métaux,Environnement,True,Licence CC-BY-NC-SA,,True,True,True,CSV,http://www.gissol.fr/donnees/donnees-de-la-bdetm-2873,Environnement,,INRAe / GIS Sol,True,,2010-01-01T00:01:00,False,True,True,True,True,données agrégées par période de 10 ans,Irrégulière,366 Ko,1990-2010,True,,Point de mesure / Commune,,False,FXX,1990,2010,,,,
2021-01-05T00:03:00,Base de données géographiques des sols de France,BDGSF,,"Type de sol : processus pédologiques responsables de la différenciation des sols, c'est-à-dire la brunification, le lessivage, la podzolisation, l'hydromorphie, etc.",https://esdac.jrc.ec.europa.eu/resource-type/european-soil-database-soil-properties,,,,Sols,,Connaissance du paysage pédologique ,,Polluants du sol | composés organiques| métaux,Environnement,True,Licence Ouverte Etalab,Attribution,True,True,True,Esri Shape,https://data.inrae.fr/dataset.xhtml?persistentId=doi:10.15454/BPN57S,Environnement,,"BDAT, BDETM, BDCF, European Soil Database",True,,,True,True,True,False,True,N/A,irrégulière,,1995 -,True,,UCS|  UTS|  1:1 000 000,,True,FXX,1995,,,,,
2021-01-08T00:03:00,Base de données sur la qualité des sols urbains,BdSolU,BRGM,"Principales analyses : arsenic, cuivre, chrome, plomb, zinc, nickel, cadmium, mercure, cyanures totaux, indice phénol, fractions carbonées des hydrocarbures C10 à C40, PCB indicateurs, 7 PCDD et 10 PCDF et métadonnées",http://www.bdsolu.fr/page/consultation,,,,Sols,,Qualité des sols urbains,,Polluants du sol| composés organiques| métaux,Environnement,False,Non renseigné,,False,True,False,Excel XLSX,,Environnement,,"IMN, Bases de données GISSOL",True,,2019-01-01T00:02:00,True,False,True,False,True,N/A,irrégulière,1 356 Ko,2010 - en cours,True,,Site (détail limité à la Commune),,False,FXX,2010,,,,,
2021-01-11T00:02:00,BASIAS - Inventaire historique de Sites Industriels et Activités de Service,BASIAS,BRGM,"L’inventaire des anciennes activités industrielles et activités de service, est conduit systématiquement à l’échelle départementale depuis 1994. Les données recueillies dans le cadre de ces inventaires sont archivées dans une base de données nationale, BASIAS (Base des Anciens Sites Industriels et Activités de Service) disponible sur Internet.",https://www.georisques.gouv.fr/donnees/bases-de-donnees/inventaire-historique-de-sites-industriels-et-activites-de-service,,,,Sols,,Sites et sols pollués,,Polluants du sol| composés organiques| métaux,Environnement,True,Licence Ouverte Etalab,Attribution,True,True,False,CSV| Plain text,DataGouv / Georisque,Environnement,,Matrice Activités-Polluants / BASOL,False,,,True,False,False,False,True,N/A,Irrégulière (selon mise à jour à réaliser),"732,8 Mo",1994 - en cours,True,,Site (Adresse et coordonnées x/y),WGS84 | Lambert 2 étendu,True,FXX+GLP+MTQ+GUF+REU,1994,,,,,
2021-01-11T00:02:00,BASOL,BASOL,MTES,"Sites et sols pollués (ou potentiellement pollués) appelant une action des pouvoirs publics, à titre préventif ou curatif. Identification et localisation du site, caractérisation du site, description du site, situation technique du site et caract􏰁risation de l􏰀impact, utilisation et environnement du site, impacts constat􏰁s, surveillance du site et restriction d􏰀usage, traitements effectués",https://www.georisques.gouv.fr/articles-risques/basol#acces-aux-donnees-,,,,Sols,,Sites et sols pollués,,Polluants du sol| composés organiques| métaux,Environnement,True,Licence Ouverte Etalab,Attribution,True,True,False,CSV| HTML| JSON,DataGouv / Géorisque,Environnement,,BASIAS / SIS,True,,,True,False,True,False,True,N/A,Irrégulière (selon mise à jour à réaliser),"61,2 Mo",1992 - en cours,True,,Point de mesure (Adresse et coordonnées x/y),Lambert 93 | Lambert 2 étendu,True,FRA,1992,,,,,
2021-01-19T00:04:00,BD Lisa,BD Lisa,BRGM,"Ce référentiel comporte les jeux de données géographiques suivants :- Entités hydrogéologiques de niveau 3 (local) ;- Polygones élémentaires délimitant chaque pile unique d'entités hydrogéologiques ;- Zones karstiques, zones caractérisées comme étant de milieu karstique ou alimentant des sources karstiques;- Zones altérites meubles, polygones d’extension des zones au sein desquelles la présence de formations géologiques altérées meubles (saprolite) a été mise en évidence ou est supposée.",https://www.sandre.eaufrance.fr/atlas/srv/fre/catalog.search#/metadata/769f36e0-eb23-4014-ad63-fb468fcd7488,,,,Eau,,Référentiel hydrogéologique français,,,Environnement,True,Licence Ouverte Etalab,Attribution,True,True,False,Esri Shape| SQL| GDB,https://bdlisa.eaufrance.fr/telechargement,Référentiel,,,False,,2019-01-01T00:01:00,True,True,True,True,True,N/A,Annuelle,,,True,,lat/long   1 /50 000,,False,FRA,,,,,,
2021-01-19T00:04:00,BD Topage,BD Topage,OIEau,"La BD TOPAGE® se compose des jeux de données * des cours d'eau, plans d'eau, tronçons hydrographiques, surfaces élémentaires, noeuds hydrographiques (sources et exutoires), limites terre-mer, bassins hydrographiques et bassins versants topographiques (ces trois derniers jeux de données * seront remplacés par des données plus précises à moyen terme).",https://www.sandre.eaufrance.fr/atlas/srv/fre/catalog.search#/metadata/3b3d3c56-d9b6-4625-a57e-ba054e798274,,,,Eau,,Référentiel hydrographique français,,,Environnement,True,Licence Ouverte Etalab,Attribution,True,True,False,Esri Shape| GEOJSON| SQL,,Référentiel,,,False,,2021-01-01T00:01:00,True,False,True,False,True,N/A,Annuelle,,2019,True,,lat/long ; 1/5 000|  1/50 000,Lambert 93 | WGS84,True,FXX,2019,,,,,
2021-01-08T00:03:00,Biosurveillance des Retombées Atmosphériques Métalliques par les Mousses,BRAMM,UMS 2006 Patrimoine Naturel,"Le dispositif BRAMM permet de cartographier et de modéliser les concentrations en contaminants métalliques et azoté dans des mousses forestières sur l’ensemble du territoire métropolitain. Des campagnes quinquennales sont réalisées depuis 1996 (1996, 2000, 2006, 2011 et 2016) et portent sur environ 500 sites de collectes répartis sur l’ensemble du territoire. Ces sites sont localisés en milieu rural, loin des sources locales de pollution, et forestier, sous couvert arboré. Description générale du site ; Valeurs de concentrations en éléments (Al, As, Cd, Cr, Cu, Fe, Hg, N, Ni, Pb, Sb, V, Zn + autres éléments selon les campagnes )",https://inpn.mnhn.fr/espece/jeudonnees/2567,,,,,,Qualité de l'air,,Polluants de l'air,Environnement,False,Licence SINP,,True,True,True,CSV,OpenObs (API)| GBIF (Portail),Environnement,,,True,,2021-01-01T00:02:00,True,True,True,False,True,5 ans,,"10,9 Mo",1996 - 2016,True,,Site (coordonnées xy),,True,FXX,1996,,,,,
2021-01-04T00:08:00,Campagne Nationale Exploratoire des Pesticides,CNEP,ANSES,"Menée par l’ANSES, lancée en juin 2018 sur 12 mois. Mesure (protocole harmonisé) de 75 substances ; 1 300 analyses pour chacune de ces substances. 100 000 données collectées sur une année, 1 800 échantillons analysés et 75 substances mesurées sur 50 sites répartis sur le territoire national",https://www.lcsqa.org/fr/rapport/resultats-de-la-campagne-nationale-exploratoire-de-mesure-des-residus-de-pesticides-dans,,,,,Pesticides,Pesticides dans l'air,,Polluants de l'air,Environnement,False,Non renseigné,,False,True,False,xlsx,,Environnement,,,True,,2020-01-29T00:06:00,True,False,True,False,True,,Non renseigné,,2018-2019,True,,Région/département/commune/site de mesure,,True,FRA,2018,,,,,
2021-01-01T00:04:00,Carroyage DFCI,,Entente Valabre,Le carroyage DFCI est un maillage géographique utilisé en France par les acteurs de la Défense des forêts contre les incendies (DFCI).,https://www.data.gouv.fr/fr/datasets/carroyage-dfci-2-km/,,,,Sols,,Carroyage,,Polluants de l'air| pesticides| NDVI,Environnement,True,Licence Ouverte Etalab,Attribution,True,True,False,Esri Shape,Géoportail,Référentiel,,,True,,2016-01-01T00:06:00,True,False,True,False,True,N/A,Irrégulière,,,True,,Carreau 2km/2km,,True,FXX,,,,,,
2021-01-02T00:04:00,Carte IGN,BD Carto,IGN,Fond cartographique proposé par l’Institut national de l’information géographique et forestière (IGN).,https://geoservices.ign.fr/documentation/diffusion/telechargement-donnees-libres.html#bd-carto,,,,Sols,,Fond cartographique,,Indicateurs socio-démographiques,Régions et villes,True,Licence Ouverte Etalab,Attribution,True,True,False,Esri Shape,Géoportail,Environnement,,,True,,2020-01-01T00:10:00,True,False,True,False,True,N/A,Irrégulière,,Non renseigné,True,,Latitude/Longitude,Lambert 93 | UTM,True,FRA+MAF+BLM,,,,,,
2021-01-13T00:04:00,Carte interactive - part de la superficie drainée dans la superficie agricole utilisée (SAU) en 2010,,SSP  /  Ministère de l'Agriculture et de l’Alimentation,"Il s'agit ici de la superficie drainée ou assainie par un réseau de drains enterrés. Ne sont pas prises en compte les superfcies dont les drains n'évacuent plus, ni celles qui ne sont drainées que ponctuellement (captage de mouillères), à l'aide d'un seul drain et non d'un réseau.",https://agreste.agriculture.gouv.fr/agreste-web/disaron/Carte-RA-saudrai10/detail/,,,,,,Milieux agricoles,,Pesticides| biocides| NDVI,"Agriculture, pêche, sylviculture et alimentation",False,Non renseigné,,True,True,False,XLS| ODS| CSV,,Environnement,,,True,,2017-01-09T00:08:00,True,False,True,False,True,N/A,Irrégulière,,2010,True,,Région|  Département|  Canton|  Commune,,True,FXX+GUF+GLP+REU+MTQ,,,,,,
2021-01-13T00:04:00,Carte interactive - production brute standard (PBS) moyenne par exploitation en 2010,,SSP  /  Ministère de l'Agriculture et de l’Alimentation,"Les surfaces agricoles et les cheptels sont valorisés selon des coefficients permettant le calcul de la production brute standard (PBS). Ces coefficients résultent des valeurs moyennes calculées sur la période 2005 à 2009. La PBS décrit un potentielde production des exploitations et permet de les classer en « moyennes et grandes exploitations » quand elle est supérieure ou égale à 25 000 euros, en « grandes exploitations » quand elle est supérieure ou égale à 100 000 euros.",https://agreste.agriculture.gouv.fr/agreste-web/disaron/Carte-RA-pbsmoy10/detail/,,,,,,Milieux agricoles,,Pesticides| biocides| NDVI,"Agriculture, pêche, sylviculture et alimentation",False,Non renseigné,,True,True,False,XLS| ODS| CSV,,Environnement,,,False,,2017-01-09T00:08:00,True,False,True,False,True,N/A,Irrégulière,,2010,True,,Région|  Département|  Canton,,True,FXX+GUF+GLP+REU+MTQ,,,,,,
2021-01-02T00:04:00,Carte topographique IGN,BD Topo,IGN,"La carte topographique représente avec précision le relief, symbolisé par des courbes de niveaux, ainsi que les détails du terrain : routes, sentiers, constructions, bois, arbres isolé, rivières, sources…",https://geoservices.ign.fr/documentation/diffusion/telechargement-donnees-libres.html#bd-topo,,,,Sols,,Carte des reliefs,,Indicateurs socio-démographiques,Régions et villes,True,Licence Ouverte Etalab,Attribution,True,True,False,Esri Shape,Géoportail / DataGouv,Environnement,,,True,,2021-01-01T00:10:00,True,False,True,False,True,N/A,Irrégulière,,Non renseigné,True,,Latitude/Longitude,Lambert 93 | UTM | WGS84,True,FRA+MAF+BLM+SPM,,,,,,
2021-01-22T00:04:00,Cartes des antennes et des mesures radioélectriques,Cartoradio,ANFR,"Emplacement des stations radioélectriques et accès, pour un site donné, aux résultats des mesures de champs électromagnétiques synthétisés",https://www.cartoradio.fr/index.html#/cartographie/mesures,,,,,Agents Physiques,Radiofréquence,,Ondes radioélectriques,Environnement,False,Non renseigné,Attribution,True,True,False,CSV| PDF| HTML,,Environnement,,,False,,2021-01-22T00:04:00,True,True,True,False,True,Irrégulière,Régulière,,2003 - en cours,True,,Station de mesure / antenne,WGS84 | GPS,True,FRA,2003,,,,,
2021-01-01T00:04:00,Cartes des sols métropolitains,,IGN,Représentation des différents types de sols dominants en France métropolitaine.,https://www.geoportail.gouv.fr/donnees/carte-des-sols,,,,Sols,,Occupation des sols,,Polluants du sol,Environnement,True,Licence Ouverte Etalab,Attribution,True,True,True,HTML,,Environnement,,,True,,2020-01-01T00:02:00,True,False,True,False,True,N/A,Irrégulière,/,,True,,UCS|  UTS|  1:1 000 000,,True,FXX,,,,,,
2021-01-04T00:08:00,Cartes stratégiques de bruit - rapportage européen,,Cerema,Cartographie national de bruit produite par le Cerema pour le rapportage européen,https://www.eionet.europa.eu/,,,,,Agents Physiques,Bruit,,Bruit,Environnement,False,Non renseigné,,True,True,False,xls/xml,,Environnement,,,False,,,True,True,True,False,True,?,Non renseigné,,1994,True,,,,True,EUROPE,,,,,,
,Cartographie départementale de l'aléa amiante environnemental,,BRGM,Cartographie de la susceptibilité de présence d'amiante dans les formations susceptibles de renfermer des minéraux amiantifères (avec échantillons à des fins minéralogiques et analytiques). Inventaire complété par l'expertise du potentiel amiantifère d'une cinquantaine de carrières.,"https://www.brgm.fr/fr/reference-projet-acheve/cartographie-amiante-environnemental-france-metropolitaine-terrain-au#:~:text=La%20cartographie%20de%20l'amiante,amiante%20provenant%20d'affleurements%20naturels.",,,,Sols,,Amiante naturel en affleurements dans les formations géologiques ,,Amiante,Environnement,False,Non renseigné,,True,True,True,HTML| PDF,Infoterre,Environnement,,,True,,,True,True,True,True,True,variable selon la révision des données cartographiques,irrégulière,,2009 - en cours,True,,coordonnées x/y  1/50 000,Lambert 93 | WGS84,True,FXX,2009,,,,,
2021-01-04T00:03:00,Cartographie du potentiel radon des formations géologiques,,IRSN,Cartographie des zones sur lesquelles la présence de radon à des concentrations élevées dans les bâtiments est la plus probable.,https://www.data.gouv.fr/fr/datasets/connaitre-le-potentiel-radon-de-ma-commune/#_,,,,,Agents Physiques,Radon émis par les formations géologiques,,Radioactivité,Environnement,True,Licence Ouverte Etalab,Attribution,False,True,False,HTML| Esri Shape| CSV,Portail de l'IRSN,Environnement,,,True,,2019-01-01T00:05:00,True,False,True,False,True,variable,irrégulière,,2008 - en cours,True,,1/1 000 000|  Commune,,False,FRA+SPM+BLM+MAF+WLF+PYF+NCL,2008,,,,,
2021-01-20T00:04:00,Cartographie régionale du bruit en Île-de-France,,Bruitparif,"Cartographies du bruit associé au trafic routier, au trafic aérien et au trafic ferroviaire selon les indicateurs Lden et Ln, carte des zones de dépassements des valeurs limites réglementaires, ainsi que statistiques associées d’exposition au bruit de la population.",https://carto.bruitparif.fr/,,,,,Agents Physiques,Cartographie du bruit associé aux trafics,,Bruit,Transports,True,Licence Ouverte Etalab,Attribution,True,True,False,Esri Shape| HTML,,Environnement,,,False,,2019-01-17T00:06:00,True,False,True,False,True,N/A,Irrègulière,,2007 - 2012|  2017,True,,maille 5mx5m,,True,IDF,2007,2017,,,,
2021-01-29T00:03:00,Casier viticole informatisé,CVI,Direction générale des douanes et droits indirects,"Le casier viticole informatisé (CVI) est un outil que les États membres de l'Union européenne doivent tenir obligatoirement. Il contient notamment toutes les informations relatives aux entreprises vitivinicoles, aux parcelles plantées ou arrachées, les niveaux de production et de stock.",,,,,Sols,,Parcelles vitivinicoles,,Pesticides| biocides,Environnement,False,,,True,False,True,,,Environnement,,,False,,,True,True,False,False,True,N/A,Non renseigné,,1998 - en cours,True,,Parcelle,,False,FRA,1998,,,,,
2021-01-08T00:03:00,Ciblex,CIBLEX,ADEME,"Compile les paramètres descriptifs de la population française (âge, sexe, budget espace-temps et consommation alimentaire...) en fonction de l'occupation des sols (zone continentale, surface en eaux…) et de l'usage type (résidentiel, professionnel, récréatif...)",https://www.irsn.fr/EN/Research/publications-documentation/Publications/DRPH/SAER/Pages/La-banque-de-donnees-CIBLEX-une-compilation-de-parametres-d-exposition-de-la-population-francaise-au-1522.aspx,,,,Sols,Indicateurs géographiques et socio-démographiques,Paramètres descriptifs de la population française,,Indicateurs socio-démographiques,Population et société,False,Non renseigné,,True,True,False,Excel XLSX,,Environnement,,,True,,2003-01-01T00:01:00,True,True,True,False,True,,aucune,,2003 -,True,,Département,,False,FRA,2003,,,,,
2021-01-29T00:03:00,Compilation des Index Phytosanitaires Acta,CIPA,ACTA,,http://matphyto.acta-informatique.fr/Accueil,,,,,Pesticides,Index des substances phytosanitaires,,Pesticides| biocides,Environnement,False,Non renseigné,,True,True,False,PDF,,Environnement,,,True,,2021-01-01T00:01:00,True,False,True,False,True,,Non renseigné,,depuis 1961,True,,,,False,,1961,,,,,
2021-01-21T00:04:00,Connaissance et qualité des eaux de surface,OSUR,Agence de l'eau Loire-Bretagne,"Analyse physico-chimiques et conditions environnementales de la qualité des eaux de surface, liste faunistique ou floristique, opération de prélèvement biologique, réseau de mesure, station de mesure, zone de faciès, taxon indices biologiques",http://osur.eau-loire-bretagne.fr/exportosur/action/Geographie,,,,Eau,,Qualité des eaux de surface / Connaissance milieux,,Polluants de l'eau,Environnement,True,Licence Ouverte,Attribution,True,True,False,CSV| Plain text| XML| HTML,,Environnement,,,False,,2021-01-01T00:04:00,True,False,True,False,True,,Non renseigné,,1971 - en cours,True,,Station de mesure,,False,BRE+PDL+ARA+BFC+CVL+NOR+NAQ+OCC,1971,,,,,
2021-01-01T00:04:00,Contours IRIS,,IGN,Contours géométriques des zones définies par l’INSEE pour les besoins des recensements sur l’ensemble des communes de plus de 10 000 habitants et la plupart des communes de 5 000 à 10 000 habitants.,https://geoservices.ign.fr/documentation/diffusion/telechargement-donnees-libres.html#contoursiris,,,,Sols,,Contours géométriques des IRIS,,Indicateurs socio-démographiques,Régions et villes,True,Licence Ouverte Etalab,Attribution,True,True,False,Esri Shape,,Référentiel,,,False,,2020-01-01T00:01:00,True,False,True,False,True,N/A,Annuelle,,2014 - 2020,True,,Latitude/Longitude,Lambert 93 | UTM,True,FRA,2014,2020,,,,
2021-01-12T00:02:00,CORINE Land Cover,CLC,SDES / MTES,"Inventaire biophysique de l’occupation des sols et de son évolution selon une nomenclature en 44 postes. Cet inventaire est produit par interprétation visuelle d'images satellite. L'échelle de production est le 1/100 000. CLC permet de cartographier des unités homogènes d’occupation des sols d’une surface minimale de 25 ha. Cette base de données a été initiée en 1985. Les millésimes 1990, 2000, 2006, 2012 et 2018 ont été réalisés.",https://www.statistiques.developpement-durable.gouv.fr/corine-land-cover-0,,,,,,Occupation des sols,,Pesticides| biocides| NDVI,Environnement,True,Licence Ouverte Etalab,Attribution,True,True,False,MapInfo TAB file| E00| Esri Shape,DataGouv / Géoportail (uniquement visualisable et carte pdf téléchargeable),Environnement,,Base des changements (données sur les portions des territoires ayant changées d'occupation),True,,2018-01-01T00:01:00,True,False,True,False,True,N/A,Tous les 6 ans environ,918 Mo,1990|  2000|  2006|  2012|  2018,True,,25 hectares au plus précis|  échelle 1/100000,,True,FRA,1990,,,,,
2021-01-05T00:08:00,Couches géographiques des secteurs,,,Couches géographiques des secteurs appartenant à une même UDI par région et par année,https://www.atlasante.fr/geonetwork/srv/fre/catalog.search#/home,,,,,Indicateurs géographiques et socio-démographiques,Qualité de l'eau,,Polluants de l'eau,Environnement,False,Non renseigné,,True,True,False,csv,,Environnement,,,True,,,True,False,True,False,True,,Annuelle,,2015-2020,True,,Région/commune,,True,FRA,2015,,,,,
2021-01-22T00:04:00,Croisement INSEE/DARES (thèse Tim Vlaar),,Sante publique France,"""Association des activités professionnelles et de l’exposition aux métaux avec deux maladies neurodégénératives à partir du Système National des Données de Santé""",,,,,Air,,Exposition aux métaux et activités professionnelles,,Exposition professionnelles,Santé,False,Non renseigné,,True,False,False,Non renseigné,,Santé,,,False,,,True,True,True,False,True,Non renseigné,Non renseigné,,Non renseigné,True,,Non renseigné,,True,,,,,,,
2021-01-12T00:04:00,Cultures par canton,,SSP  /  Ministère de l'Agriculture et de l’Alimentation,Ensemble des exploitationsPetites exploitationsMoyennes et grandes exploitationsMoyennes exploitationsGrandes exploitations,https://agreste.agriculture.gouv.fr/agreste-web/disaron/RA_3013/detail/,,,,Sols,Indicateurs géographiques et socio-démographiques,Milieux agricoles,,Pesticides| biocides| NDVI,"Agriculture, pêche, sylviculture et alimentation",True,Licence Ouverte Etalab,Attribution,True,True,False,CSV,,Environnement,,RGA,True,,2019-01-03T00:12:00,True,False,True,False,True,N/A,Toutes les décennies,"16,2Mo",2000 et 2010,True,,Département|  Canton,,True,FRA,2000,,,,,
2021-01-12T00:04:00,Cultures par commune,,SSP  /  Ministère de l'Agriculture et de l’Alimentation,Exploitations en ayantSuperficie correspondante (hectares),https://agreste.agriculture.gouv.fr/agreste-web/disaron/G_1013/detail/,,,,,,Milieux agricoles,,Pesticides| biocides| NDVI,"Agriculture, pêche, sylviculture et alimentation",True,Licence Ouverte Etalab,Attribution,True,True,False,Plain text,https://www.data.gouv.fr/fr/datasets/agreste-donnees-communales-resultats-des-recensements-agricoles-par-commune/ (DataGouv),Environnement,,RGA,True,,2018-01-02T00:03:00,True,False,True,False,True,N/A,Toutes les décennies,"99,2Mo",1970|  1979|  1988|  2000|  2010,True,,Région|  Département|  Commune,,True,FRA,1970,,,,,
2021-01-12T00:04:00,Cultures par parcs nationaux et parcs régionaux,,SSP  /  Ministère de l'Agriculture et de l’Alimentation,Exploitations en ayantSuperficie correspondante (hectares),https://agreste.agriculture.gouv.fr/agreste-web/disaron/G_7313/detail/,,,,,,Milieux agricoles,,Pesticides| biocides| NDVI,"Agriculture, pêche, sylviculture et alimentation",True,Licence Ouverte Etalab,Attribution,True,True,False,Plain text,,Environnement,,RGA,True,,2018-01-20T00:02:00,True,False,True,False,True,N/A,Toutes les décennies,"722,4Ko",2000|  2010,True,,Parc nationaux,,True,FRA,2000,,,,,
2021-01-01T00:04:00,Délimitations parcellaires AOC viticoles (INAO),,IGN,Représentation des délimitations parcellaires des appellations d’origine contrôlée (AOC) viticoles sur la France métropolitaine.,https://www.data.gouv.fr/fr/datasets/delimitation-parcellaire-des-aoc-viticoles-de-linao/,,,,Sols,,Délimitations des parcelles viticoles,,Pesticides| biocides| NDVI,"Agriculture, pêche, sylviculture et alimentation",True,Licence Ouverte Etalab,Attribution,True,True,False,Esri Shape,Géoportail,Environnement,,,True,,2020-01-01T00:12:00,True,False,True,False,True,N/A,Irrègulière,215Mo,,True,,Commune / Parcelles,,True,FXX,,,,,,
2021-01-31T00:03:00,Données de modèle Arpège essentielles OMM,,Météo France,"Champs d'analyse et de prévision en points de grille issus du modèle de prévision atmosphérique français Arpège sur une grille globale à résolution 2°5. Les données sont réactualisées deux fois par jour, et disponibles jusqu'à 4 jours d’échéance de prévision, par pas de 24 h, au niveau de la mer, 850 et 500 hectopascals (environ 1500 et 5500 mètres d'altitude).",https://donneespubliques.meteofrance.fr/?fond=produit&id_produit=201&id_rubrique=42,,,,Air,,Prévision atmosphérique,,Facteurs météorologiques| polluants de l'air,Environnement,True,Licence Ouverte Etalab,Attribution,True,True,False,GRIB2| PNG| TIFF,,Environnement,,,True,,,True,False,True,False,True,Journalier,12h,,en cours,True,,Latitude/Longitude,,True,Monde,,,,,,
2021-01-31T00:03:00,Données de modèle atmosphérique à aire limitée,,Météo France,"Champs d'analyse et de prévisions en points de grilles, issus du modèle atmosphérique Aladin sur 5 domaines (France métropolitaine, Antilles-Guyane, Rénuion, Polynésie, Nouvelle-Calédonie). Paramètres, niveaux, échéances et domaines paramétrables selon diverses résolutions et échéances jusqu'à H+84h.",https://donneespubliques.meteofrance.fr/?fond=produit&id_produit=238&id_rubrique=42,,,,Air,,Prévision atmosphérique,,Facteurs météorologiques| polluants de l'air,Environnement,True,Licence Ouverte Etalab,Attribution,True,True,True,GRIB2| Esri ASCII grid,,Environnement,,,True,,,True,True,True,False,True,H| H3,12h,,mars 2012 - en cours,True,,Latitude/Longitude,,True,FXX+GLP+MTQ+GUF+REU+PYF+NCL,2012,,,,,
2021-01-31T00:03:00,Données de modèle de prévision d'ensemble ARPEGE,,Météo France,"Champs de prévision en points de grille régulière sur différents domaines géographiques issus du modèle de prévision atmosphérique global français Arpege. Données probabilistes constituées de l'ensemble des 35 runs de prévision déterministe à courte échéance. Paramètres, niveaux, échéances et sous-domaines paramétrables selon diverses résolutions et échéances jusqu'à H+108 h maximum par pas de 3 ou 6 h selon le domaine géographique",https://donneespubliques.meteofrance.fr/?fond=produit&id_produit=199&id_rubrique=42,,,,Air,,Prévision atmosphérique,,Facteurs météorologiques| polluants de l'air,Environnement,True,Licence Ouverte Etalab,Attribution,True,True,True,GRIB2| Esri ASCII grid,,Environnement,,,True,,,True,True,True,False,True,3h ou 6h,12h,,2004 - en cours,True,,Latitude/Longitude,,True,Monde,2004,,,,,
2021-01-16T00:04:00,Données HAP HAM et métaux de 2016 à 2019,,Airparif,Moyennes annuelles des concentrations de HAM-HAP et métaux par station,https://data-airparif-asso.opendata.arcgis.com/datasets/donn%C3%A9es-hap-ham-et-m%C3%A9taux-de-2016-%C3%A0-2019,,,,Air,,Pollution atmosphérique ambiante,,Polluants de l'air,Environnement,False,ODbl,Attribution,True,True,False,CSV,,Environnement,,,False,,2020-01-28T00:12:00,True,False,True,False,True,Année,Annuelle,32Ko,2016 - 2019,True,,Station de mesure,,True,IDF,2016,2019,,,,
2021-01-31T00:03:00,Données horaires,,Météo France,"Données climatologiques de toutes les stations françaises depuis leur ouverture, pour tous les paramètres disponibles. Ces données ont subi un contrôle climatologique. L'accès à toute la profondeur de la base de données est possible, avec une très vaste gamme de paramétrisation.",https://donneespubliques.meteofrance.fr/?fond=produit&id_produit=110&id_rubrique=37#,,,,Air,,Climatologie,,Facteurs météorologiques,Environnement,False,Non renseigné,,True,True,True,Excel XLSX| HTML| Esri ASCII grid,,Environnement,,,True,,,True,True,True,False,True,Heure,Temps réel,,en cours,True,,Station de mesure,,True,FRA,,,,,,
2021-01-31T00:03:00,Données SYNOP,,Météo France,"Données d'observations issues des messages en code synoptique international d’observation en surface (SYNOP) circulant sur le système mondial de télécommunication (SMT) de l’Organisation météorologique mondiale (OMM). Paramètres atmosphériques mesurés (température, humidité, direction et force du vent, pression atmosphérique, hauteur de précipitations) ou observés  (temps sensible, description des nuages, visibilité) depuis la surface terrestre. Selon instrumentation et spécificités locales, d'autres paramètres peuvent être disponibles (hauteur de neige, état du sol, etc.)",https://donneespubliques.meteofrance.fr/?fond=produit&id_produit=91&id_rubrique=32,,,,Air,,Météorologie,,Facteurs météorologiques| polluants de l'air,Environnement,False,Non renseigné,,True,True,True,CSV,,Environnement,,,True,,,True,True,True,False,True,Heure,Temps réel,,en cours,True,,Station de mesure,,False,FRA,,,,,,
2021-01-16T00:04:00,emi idf departement 2015,,Airparif,Emissions pour tous les secteurs d’activité confondus.,https://data-airparif-asso.opendata.arcgis.com/datasets/emi-idf-departement-2015-1?geometry=-1.452%2C48.044%2C6.458%2C49.314,,,,Air,,Pollution atmosphérique ambiante,,Polluants de l'air,Environnement,False,ODbl,Attribution,True,True,False,XLSX| Esri Shape| KML,,Environnement,,,False,Portail | API,2019-01-19T00:08:00,True,False,True,False,True,Année,Irrégulière,,2015,True,,Département,,True,IDF,2015,,,,,
2021-01-16T00:04:00,emi idf epci 2015,,Airparif,Emissions pour tous les secteurs d’activité confondus.,https://data-airparif-asso.opendata.arcgis.com/datasets/emi-idf-epci-2015-1?geometry=-1.452%2C48.044%2C6.458%2C49.314,,,,Air,,Pollution atmosphérique ambiante,,Polluants de l'air,Environnement,False,ODbl,Attribution,True,True,False,XLSX| Esri Shape| KML,,Environnement,,,False,Portail | API,2019-01-19T00:08:00,True,False,True,False,True,Année,Irrégulière,,2015,True,,EPCI,,True,IDF,2015,,,,,
2021-01-16T00:04:00,emi idf region 2015,,Airparif,Emissions pour tous les secteurs d’activité confondus.,https://data-airparif-asso.opendata.arcgis.com/datasets/emi-idf-region-2015-1?geometry=-1.452%2C48.044%2C6.458%2C49.314,,,,Air,,Pollution atmosphérique ambiante,,Polluants de l'air,Environnement,False,ODbl,Attribution,True,True,False,XLSX| Esri Shape| KML,,Environnement,,,False,Portail | API,2019-01-19T00:08:00,True,False,True,False,True,Année,Irrégulière,,2015,True,,Région,,True,IDF,2015,,,,,
2021-01-22T00:04:00,Etude de l'Alimentation Totale 2 (EAT),EAT2,ANSES,"Teneur moyenne en divers contaminants chimiques dans les aliments ""tels que consommés"" (445 substances)",https://www.data.gouv.fr/fr/datasets/donnees-regionales-eat2-etude-de-l-alimentation-totale/,,,,,Pesticides,Contaminants chimiques dans l'alimentation,,Polluants de l'alimentation,Santé,True,Licence Ouverte Etalab,Attribution,True,True,False,XLSX,,Santé,,,False,,2014-01-06T00:06:00,True,False,True,False,True,,Irrégulière,3Mo,2007 - 2009,True,,Région,,False,FRA,2007,2009,,,,
2021-01-22T00:03:00,Eurosun / HelioClim 1,,Public Health Executive Agency,"Measuring the exposure of individuals and populations in Europe to UV radiation by using the data of meteorological satellites. From the UV database prepared by ARMINES (Prof. L Wald), an atlas of UV irradiation has been developed by averaging daily UVA and UVB irradiations per month and for four 5-year periods (1988-1992; 1993-1997; 1998-2002; 2003-2007) for Europe as a whole and for individual countries in the region, for UVA, UVB and total UV irradiations, at both absolute and relative levels.",http://www.soda-pro.com/web-services/spectral/uv-from-helioclim-1,,,,Air,,Exposure of individuals and populations in Europe to UV radiation,,Radiation,Santé,False,,,True,True,False,CSV,,Environnement,,,True,,2017-01-01T00:07:00,True,False,True,False,True,Journalier,Quotidienne,,1985 - 2005,True,,coordonnées x/y,,True,EUROPE,1985,,,,,
2021-01-16T00:04:00,exp idf idf 2017 no2 moyennne annuelle,,Airparif,"Exposition des populations et territoires au polluant NO2. Cette couche concerne l'exposition pour la totalité de la région Île-de-France au critère ""40 µg/m³ en moyenne annuelle en NO2"" pour l'année 2017.Les valeurs suivantes sont exposées dans la couche : nbre_hab_expo : nombre d'habitants exposéssuperficie_expo : superficie exposée en km2",https://data-airparif-asso.opendata.arcgis.com/datasets/exp-idf-idf-2017-no2-moyennne-annuelle-1?geometry=-1.452%2C48.044%2C6.458%2C49.314,,,,Air,,Pollution atmosphérique ambiante,,Polluants de l'air,Environnement,False,ODbl,Attribution,True,True,False,XLSX| Esri Shape| KML| GEOJSON,,Environnement,,,False,Portail | API,2019-01-29T00:08:00,True,False,True,False,True,Année,Irrégulière,,2017,True,,Région,,True,IDF,2017,,,,,
2021-01-16T00:04:00,exp idf idf 2017 pm10 35j sup 50ug,,Airparif,"Exposition des populations et territoires au polluant PM10. Cette couche concerne l'exposition pour la totalité de la région Ile-de-France au critère ""35 jours supérieurs à 50µg/m3"" pour l'année 2017.Les valeurs suivantes sont exposées dans la couche : nbre_hab_expo : nombre d'habitants exposéssuperficie_expo : superficie exposée en km2longueur_voirie_expo : longueur de voirie exposée en km",https://data-airparif-asso.opendata.arcgis.com/datasets/exp-idf-idf-2017-pm10-35j-sup-50ug?geometry=-1.452%2C48.044%2C6.458%2C49.314,,,,Air,,Pollution atmosphérique ambiante,,Polluants de l'air,Environnement,False,ODbl,Attribution,True,True,False,XLSX| Esri Shape| KML| GEOJSON,,Environnement,,,False,Portail | API,2019-01-29T00:08:00,True,False,True,False,True,Année,Irrégulière,,2017,True,,Région,,True,IDF,2017,,,,,
2021-01-16T00:04:00,exp idf idf 2017 pm10 moyenne annuelle 40,,Airparif,"Exposition des populations et territoires au polluant PM10. Cette couche concerne l'exposition pour la totalité de la région Île-de-France au critère ""40 µg/m³ en moyenne annuelle en PM10"" pour l'année 2017.Les valeurs suivantes sont exposées dans la couche : nbre_hab_expo : nombre d'habitants exposéssuperficie_expo : superficie exposée en km2longueur_voirie_expo : longueur de voirie exposée en km",https://data-airparif-asso.opendata.arcgis.com/datasets/exp-idf-idf-2017-pm10-moyenne-annuelle-40-1?geometry=-1.452%2C48.044%2C6.458%2C49.314,,,,Air,,Pollution atmosphérique ambiante,,Polluants de l'air,Environnement,False,ODbl,Attribution,True,True,False,XLSX| Esri Shape| KML| GEOJSON,,Environnement,,,False,Portail | API,2019-01-29T00:08:00,True,False,True,False,True,Année,Irrégulière,,2017,True,,Région,,True,IDF,2017,,,,,
2021-01-16T00:04:00,exp idf zag 2017 no2 moyennne annuelle,,Airparif,"Exposition des populations et territoires au polluant NO2. Cette couche concerne l'exposition pour la zone d'agglomération (ZAG)  d'Île-de-France au critère ""40 µg/m³ en moyenne annuelle en NO2"" pour l'année 2017.Les valeurs suivantes sont exposées dans la couche : nbre_hab_expo : nombre d'habitants exposéssuperficie_expo : superficie exposée en km2longueur_voirie_expo : longueur de voirie exposée en km",https://data-airparif-asso.opendata.arcgis.com/datasets/exp-idf-zag-2017-no2-moyennne-annuelle-1/data?geometry=0.346%2C48.509%2C4.301%2C49.142,,,,Air,,Pollution atmosphérique ambiante,,Polluants de l'air,Environnement,False,ODbl,Attribution,True,True,False,XLSX| Esri Shape| KML| GEOJSON,,Environnement,,,False,Portail | API,2019-01-29T00:08:00,True,False,True,False,True,Année,Irrégulière,,2017,True,,Région,,True,IDF,2017,,,,,
2021-01-16T00:04:00,exp idf zag 2017 pm10 35j sup 50ug,,Airparif,"Exposition des populations et territoires au polluant PM10. Cette couche concerne l'exposition pour la zone d'agglomération (ZAG)  d'Île-de-France au critère ""35 jours supérieurs à 50µg/m3"" pour l'année 2017.Les valeurs suivantes sont exposées dans la couche : nbre_hab_expo : nombre d'habitants exposéssuperficie_expo : superficie exposée en km2longueur_voirie_expo : longueur de voirie exposée en km",https://data-airparif-asso.opendata.arcgis.com/datasets/exp-idf-zag-2017-pm10-35j-sup-50ug-1?geometry=0.346%2C48.509%2C4.301%2C49.142,,,,Air,,Pollution atmosphérique ambiante,,Polluants de l'air,Environnement,False,ODbl,Attribution,True,True,False,XLSX| Esri Shape| KML| GEOJSON,,Environnement,,,False,Portail | API,2019-01-29T00:08:00,True,False,True,False,True,Année,Irrégulière,,2017,True,,Région,,True,IDF,2017,,,,,
2021-01-16T00:04:00,exp idf zag 2017 pm10 moyenne annuelle 40,,Airparif,"Exposition des populations et territoires au polluant PM10. Cette couche concerne l'exposition pour la zone d'agglomération (ZAG)  d'Île-de-France au critère ""40 µg/m³ en moyenne annuelle en PM10"" pour l'année 2017.Les valeurs suivantes sont exposées dans la couche : nbre_hab_expo : nombre d'habitants exposéssuperficie_expo : superficie exposée en km2longueur_voirie_expo : longueur de voirie exposée en km",https://data-airparif-asso.opendata.arcgis.com/datasets/exp-idf-zag-2017-pm10-moyenne-annuelle-40-1?geometry=0.346%2C48.509%2C4.301%2C49.142,,,,Air,,Pollution atmosphérique ambiante,,Polluants de l'air,Environnement,False,ODbl,Attribution,True,True,False,XLSX| Esri Shape| KML| GEOJSON,,Environnement,,,False,Portail | API,2019-01-29T00:08:00,True,False,True,False,True,Année,Irrégulière,,2017,True,,Région,,True,IDF,2017,,,,,
2021-01-22T00:03:00,Exposition à la pollution atmosphérique dans le projet Gazel'Air,Gazel'Air,Sante publique France,"Concentration annuelle au PM2,5, PM10, NO2, O3, SO2, benzène, de 1989 à 2008",,,,,Air,,Pollution atmosphérique ambiante,,Pollution de l'air,Environnement,False,Non renseigné,,True,False,False,Esri ASCII grid,,Environnement,,,False,,,True,False,True,False,True,Annuelle,Non renseigné,,1989 - 2008,True,,Maillage 2km/2km,,True,FXX,1989,,,,,
2021-01-29T00:03:00,Fichier des logements à la commune,FILOCOM,,"Le fichier contient à la fois des informations quantitatives et localisées décrivant des logements, mais aussi sur leurs occupants. La présence d'un identifiant logement unique et stable dans le temps permet de reconstituer les parcours des logements",https://www.casd.eu/source/fichier-des-logements-par-communes/?tab=1,,,,, Indicateurs géographiques et socio-démographiques,Locaux à usage d'habitation,,Indicateurs socio-démographiques| polluants de l'air intérieur,Population et société,False,Non renseigné,,True,True,True,CSV| Plain text,,Environnement,,,True,,2017-01-01T00:01:00,False,True,True,False,True,N/A,Tous les 2 ans,,1995|  1997|  1999|  2001|  2003|  2005|  2007|  2009|  2010|  2011|  2013|  2015 et 2017,True,,Commune / IRIS,,False,FRA,1995,,,,,
2021-01-16T00:04:00,HAM HAP METAUX 2019 2020,,Airparif,Moyennes annuelles des concentrations de HAM-HAP et métaux par station,https://data-airparif-asso.opendata.arcgis.com/datasets/ham-hap-metaux-2019-2020,,,,Air,,Pollution atmosphérique ambiante,,Polluants de l'air,Environnement,False,ODbl,Attribution,True,True,False,CSV,,Environnement,,,False,,2020-01-15T00:09:00,True,False,True,False,True,Année,Annuelle,8Ko,2019 - 2020,True,,Station de mesure,,True,IDF,2019,2020,,,,
2021-01-29T00:03:00,Hydrotéléray,,IRSN,Mesure en continu dans les eaux usées,https://www.mesure-radioactivite.fr/#/ (RNM),,,,,Agents Physiques,Radioactivité,,Radioactivité,Environnement,False,Non renseigné,,False,True,False,CSV| HTML,,Environnement,,,True,,2021-01-29T00:02:00,True,False,True,False,True,Mensuel,Mensuelle,,1991 - en cours,True,,Site de mesure / Commune,,False,FRA,1991,,,,,
2021-01-16T00:04:00,ind idf agglo,,Airparif,Indice ATMO,https://data-airparif-asso.opendata.arcgis.com/datasets/ind-idf-agglo-1,,,,Air,,Pollution atmosphérique ambiante,,Polluants de l'air,Environnement,False,ODbl,Attribution,True,True,False,XLSX| Esri Shape| KML,,Environnement,,,False,Portail | API,2021-01-17T00:02:00,True,False,True,False,True,Journalier,Quotidienne,,03/01/2021 - 16/02/2021,True,,Zone,,True,IDF,2021,2021,,,,
2021-01-02T00:03:00,Installations industrielles,ICPE,BRGM,"Ce jeu de données correspond aux Installations classées pour la protection de l'environnement (ICPE) soumises à autorisation ou à enregistrement (en construction, en fonctionnement ou en cessation d'activité). La fréquence de mise à jour de ce jeu de données est quotidienne.",https://www.georisques.gouv.fr/donnees/bases-de-donnees/installations-industrielles,,,,Sols,,Pollution / Contamination des sols,,Polluants du sol| polluants de l'air,Environnement,True,Licence Ouverte Etalab,Attribution,True,True,False,CSV| Esri Shape,,Environnement,,Nomenclature des Installations,False,,2021-01-02T00:03:00,True,True,True,False,True,N/A,quotidienne,"56,8 Mo",,True,,Installations (adresse et coordonnées x/y),RGF93 Lambert 93 | WGS84,False,FRA,,,,,,
2021-01-09T00:03:00,Inventaire de la nature des sols et de leur distribution spatiale,Donesol / IGCS,,"Le programme IGCS (Inventaire, Gestion et conservation des sols) vise à identifier, définir et localiser les principaux types de sols d'une région ou d'un territoire, et à caractériser leurs propriétés présentant un intérêt pour l'agriculture et pour l'environnement. Les informations produites sont stockées dans la base de données nationale DONESOL.",https://dw3.gissol.fr/login,,,,Sols,,Inventaire et cartographie des sols ,,Polluants des sols ,Environnement,False,Non renseigné,,True,True,True,HTML| PDF| CSV| MDB,https://data.inrae.fr/dataverse/igcs,Environnement,,"BDAT, BDETM, BDCF, European Soil Database",False,,,False,False,True,False,True,Y| Y10,,,1992 - en cours,True,,Point de mesure et plage cartographique (coordonées x| y),WGS84 | Lambert 93,True,FXX,1992,,,,,
2021-01-29T00:03:00,Inventaire et situation des déchets,OBSINV,ANDRA,"Description de la nature physique des déchets; Description des colis de déchets, volumes conditionnés (stocks et prévisions), activité des déchets (stocks et prévisions), toxiques chimiques",https://inventaire.andra.fr/les-donnees/linventaire-national-en-open-data,,,,,Agents Physiques,Déchets radioactifs ,,Radioactivité,Environnement,True,Licence Ouverte Etalab,Attribution,False,True,False,CSV,DataGouv,Environnement,,,False,,2021-01-01T00:02:00,True,False,True,False,True,,Annuelle,"1,5Mo",2013-2019,True,,Département / Commune /Code INSEE,,False,FRA,2013,2019,,,,
2021-01-09T00:03:00,Inventaire National Spatialisé des émissions atmosphériques,INS,INERIS,"Acidification, eutrophisation, effet de serre, ETM, POP, HAP, Poussières. Classés par catégorie. Au total 641 substances.",http://emissions-air.developpement-durable.gouv.fr/index.html,,,,Air,,"Emissions atmosphériques des secteurs de l'industrie, du transport, tertiaire et agricole ",,Polluants de l'air,Environnement,False,Non renseigné,,True,True,False,CSV| PNG,,Environnement,,INS alimente la base PREV’AIR,False,,,True,True,True,False,True,H| D| M| Y,Régulière,,2004 |  2007 |  2012,True,,Région / Département / Commune / Maillage kilométrique,,False,FRA,2004,2012,,,,
2021-01-02T00:04:00,Limites administratives,ADMIN EXPRESS,IGN,"Limites administratives des collectivités territoriales, mises à jour en continu.Régions, départements, cantons, communes, arrondissements (pour Paris, Lyon et Marseille) et établissements publics de coopération intercommunale (EPCI).",https://geoservices.ign.fr/documentation/diffusion/telechargement-donnees-libres.html#admin-express,,,,Sols,,Limites administratives,,Indicateurs socio-démographiques,Régions et villes,True,Licence Ouverte Etalab,Attribution,True,True,False,Esri Shape,Géoportail| DataGouv,Référentiel,,,True,,2021-01-01T00:02:00,True,False,True,False,True,N/A,Mensuelle,"50,3Mo",2017 - en cours,True,,Latitude/Longitude,WGS84 | UTM | Lambert 93,True,FRA,2017,,,,,
2021-01-16T00:04:00,mes idf horaire no2,,Airparif,Mesures aux stations pour le polluant NO2. Les stations sont celles du minimum européen. Les données horaires des dernières 24h sont mises à jour quotidiennement à 14h (locale).,https://data-airparif-asso.opendata.arcgis.com/datasets/mes-idf-horaire-no2?geometry=1.395%2C48.650%2C3.373%2C48.967,,,,Air,,Pollution atmosphérique ambiante,,Polluants de l'air,Environnement,False,ODbl,Attribution,True,True,False,XLSX| Esri Shape| KML,DataGouv,Environnement,,,True,Portail | API,2021-01-15T00:04:00,True,False,True,False,True,Heure,Quotidienne,,09/2017- en cours,True,,Département|  Commune|  Station de mesure,,True,IDF,2017,,,,,
2021-01-16T00:04:00,mes idf horaire nox,,Airparif,Mesures aux stations par polluant et par granulométrie temporelle.,https://data-airparif-asso.opendata.arcgis.com/datasets/mes-idf-horaire-nox?geometry=1.395%2C48.650%2C3.373%2C48.967,,,,Air,,Pollution atmosphérique ambiante,,Polluants de l'air,Environnement,False,ODbl,Attribution,True,True,False,XLSX| Esri Shape| KML,DataGouv,Environnement,,,True,Portail | API,2021-01-15T00:04:00,True,False,True,False,True,Heure,Quotidienne,,09/2017- en cours,True,,Département|  Commune|  Station de mesure,,True,IDF,,,,,,
2021-01-16T00:04:00,mes idf horaire o3,,Airparif,Mesures aux stations par polluant et par granulométrie temporelle.,https://data-airparif-asso.opendata.arcgis.com/datasets/mes-idf-horaire-o3?geometry=0.211%2C48.358%2C4.166%2C48.993,,,,Air,,Pollution atmosphérique ambiante,,Polluants de l'air,Environnement,False,ODbl,Attribution,True,True,False,XLSX| Esri Shape| KML,DataGouv,Environnement,,,True,Portail | API,2021-01-15T00:04:00,True,False,True,False,True,Heure,Quotidienne,,09/2017- en cours,True,,Département|  Commune|  Station de mesure,,True,IDF,,,,,,
2021-01-16T00:04:00,mes idf horaire pm10,,Airparif,Mesures aux stations par polluant et par granulométrie temporelle.,https://data-airparif-asso.opendata.arcgis.com/datasets/mes-idf-horaire-pm10?geometry=0.483%2C48.328%2C4.438%2C48.964,,,,Air,,Pollution atmosphérique ambiante,,Polluants de l'air,Environnement,False,ODbl,Attribution,True,True,False,XLSX| Esri Shape| KML,DataGouv,Environnement,,,True,Portail | API,2021-01-15T00:04:00,True,False,True,False,True,Heure,Quotidienne,,09/2017- en cours,True,,Département|  Commune|  Station de mesure,,True,IDF,2017,,,,,
2021-01-16T00:04:00,mes idf horaire pm25,,Airparif,"Mesures aux stations pour le polluant PM2,5. Les stations sont celles du minimum européen. Les données horaires des dernières 24h sont mises à jour quotidiennement à 14h (locale).",https://data-airparif-asso.opendata.arcgis.com/datasets/mes-idf-horaire-pm25/data?geometry=0.261%2C48.353%2C4.216%2C48.988,,,,Air,,Pollution atmosphérique ambiante,,Polluants de l'air,Environnement,False,ODbl,Attribution,True,True,False,XLSX| Esri Shape| KML,DataGouv,Environnement,,,True,Portail | API,2021-01-15T00:04:00,True,False,True,False,True,Heure,Quotidienne,,09/2017- en cours,True,,Département|  Commune|  Station de mesure,,True,IDF,2017,,,,,
2021-01-21T00:04:00,Mesures de bruit dans l'agglomération de Grenoble,,Acoucité,,https://www.acoucite.org/Partenaires/METRO/reseau-de-mesure/API_METRO.php,,,,,Agents Physiques,Exposition des population au bruit,,Bruit,Environnement,False,Non renseigné,,True,True,False,PDF| HTML,https://www.grenoblealpesmetropole.fr/469-lutte-contre-le-bruit.htm,Environnement,,,False,,,False,False,True,False,True,,Non renseigné,,2012 - en cours,True,,Site de mesure,,True,GRENOBLE,2012,,,,,
2021-01-21T00:04:00,Mesures de bruit dans l'agglomération de Lyon,,Acoucité,"LDEN (Day,Evening and Night) : niveau sonore équivalent pondéré A calculé sur les trois périodes horaires,jour (6h-18h), soirée (18h-22h),nuit (22h-6h).LNight : niveau sonore équivalent pondéré A sur la période nocturne (22h-6h)",https://www.data.gouv.fr/fr/datasets/reseau-permanent-de-mesure-de-bruit-de-la-metropole-de-lyon/#_,,,,,Agents Physiques,Mesures de bruit,,Bruit,Environnement,True,Licence Ouverte Etalab,Attribution,True,True,False,PDF| HTML| Esri Shape| GEOJSON,https://www.grandlyon.com/services/cartes-du-bruit.html,Environnement,,,False,Portail | API,2020-01-06T00:03:00,True,False,True,False,True,,Hebdomadaire,,2006 - en cours,True,,Site de mesure,WGS84 | RGF93 | Lambert 93,True,LYON,2006,,,,,
2021-01-09T00:03:00,Mimausa,,IRSN,"Localisation des sites miniers, données disponibles sur les sites miniers (fiches de synthèse, fiches détaillées)",https://mimausabdd.irsn.fr/,,,,Sols,,Anciens sites miniers français d'uranium ,,Pollutions du sol,Environnement,False,Non renseigné,,True,True,False,HTML| PDF,,Environnement,, Carte uniquement visualisable,False,,2019-01-19T00:06:00,True,False,True,False,True,N/A,Régulière,,2003 - en cours,True,,Site minier,,True,FXX,2003,,,,,
2021-01-31T00:03:00,Modèle global de chimie atmosphérique et de transport,,Météo France,"Résultats du modèle francais de prévision de composition chimique et de transports atmosphériques (MOCAGE Qualité de l'Air) sous forme de champs de prévisions en points de grille pour 120 espèces gazeuses (Ozone, CO, CO2, U.V. etc.) et 4 aérosols (carbonés, désertiques, anthropiques et marins). Paramètres, niveaux, échéances et domaines paramétrables selon diverses résolutions et échéances de 12 h à 108 h par pas de 1h, 3h ou 6h sur le monde (forçage par un modéle global), ou la France (forçage par un modéle à aire limité)",https://donneespubliques.meteofrance.fr/?fond=produit&id_produit=200&id_rubrique=42,,,,Air,,Prévision de la chimie atmosphérique et transport,,Polluants de la intérieur,Environnement,True,Licence Ouverte Etalab,Attribution,True,True,True,GRIB2,,Environnement,,,True,,,True,True,True,False,True,H| H3,Quotidienne,,en cours,True,,Latitude/Longitude,,True,FRA,,,,,,
,Natura 2000,,MTES,"Sites naturels européens, terrestres et marins, identifiés pour la rareté ou la fragilité des espèces sauvages, animales ou végétales, et de leurs habitats.",https://inpn.mnhn.fr/site/natura2000/stats,,,,, Biodiversité,Recensement des sites naturels/ biodiversité ,,NDVI,Environnement,False,Non renseigné,,True,True,False,MDB| XML| CSV,DataGouv| Geoportail,Environnement,,BD-Carthage,True,,2020-01-01T00:12:00,True,False,True,False,True,N/A,Régulière,"25,4 Mo",2007 - en cours,True,,coordonnées x/y|  code INSEE,,False,FXX,2007,,,,,
2021-01-09T00:03:00,Observatoire national de Mesure et d’Evaluation en zone Rurale de la pollution Atmosphérique à longue distance,MERA,IMT Nord Europe,"Dépôts atmosphériques (composés inorganiques majeurs, métaux lourds, HAP), les composés gazeux (O3, NO2, Composés Organiques Volatils) et particulaires (gravimétrie des PM10 et PM2,5, métaux lourds et HAP dans les PM10, spéciation des PM2,5) et les paramètres météorologique",http://ebas.nilu.no/,,,,Air,,Qualité de l’air : pollution atmosphérique ,,Polluants de l’air,Environnement,False,Non renseigné,,True,True,False,Esri ASCII grid,,Environnement,,Bases de données ATMO,True,,,True,False,True,False,True,Variable selon les données,Annuelle,,1990 - en cours,True,,Station de mesure,,True,FXX,1990,,,,,
2021-01-22T00:03:00,Occupation du sol à grande échelle,OCS GE,IGN,"Visualisation des zones de prairie, taux d’imperméabilité du sol, en France métropolitaine et dans les départements et régions d’outre-mer (DROM). Version de 2015 et de résolution 20 mètres.",https://geoservices.ign.fr/documentation/diffusion/telechargement-donnees-libres.html#ocs-ge,,,,Sols,,Occupation des sols,,Polluants du sol| pesticides,Environnement,True,Licence Ouverte Etalab,Attribution,True,True,False,Esri Shape,Géoportail,Environnement,,"BD ORTHO, RPG",True,,2019-01-01T00:11:00,True,False,True,False,True,N/A,Irrégulière,/,,True,,coordonnées x/y,Lambert 93 | UTM,True,FRA,,,,,,
2021-01-04T00:08:00,ORANHE,,Cerema,Cartographie de bruit et de la qualité de l'air calculé par Cerema,https://www.orhane.fr/,,,,,,Qualité de l'air et Bruit,,Bruit,Transports,False,Non renseigné,,True,True,False,,,Environnement,,,False,,,True,False,False,False,False,,Non renseigné,,2017 à 2022,True,,,,True,ARA,2017,,,,,
2021-01-21T00:04:00,ORHANE,ORHANE,Acoucité,Localisation des zones de co-exposition Air / Bruit,http://www.orhane.fr/,,,,,Agents Physiques,Qualité de l'air et acoustique,,Bruit| Air,Environnement,False,Non renseigné,,True,True,False,HTML,,Environnement,,,False,,,True,False,True,False,True,,Tous les 5 ans,,2014 - en cours,True,,maille 10mx10m,,True,ARA,2014,,,,,
2021-01-13T00:04:00,"Orientation, taille, statut et mode de faire-valoir des exploitations",,SSP  /  Ministère de l'Agriculture et de l’Alimentation,,https://agreste.agriculture.gouv.fr/agreste-web/disaron/ESEA16_3/detail/,,,,Sols, Indicateurs géographiques et socio-démographiques,Milieux agricoles,,Pesticides| biocides| NDVI,"Agriculture, pêche, sylviculture et alimentation",False,Non renseigné,,True,True,False,CSV,,Environnement,,,True,,2020-01-22T00:01:00,True,False,True,False,True,N/A,Irrégulière,"7,2Mo",2016,True,,France entière|  métropole ou DOM,,True,FXX+GUF+MTQ+GLP+REU,2016,,,,,
2021-01-15T00:02:00,Pesticides dans les eaux souterraines,,MTES,Des informations sur la contamination des eaux souterraines par les pesticides sont régulièrement diffusées.Elles s'appuient sur l'exploitation des données provenant du réseau de surveillance des nappes souterrainesqui comprend près de 2 200 stations de mesures réparties sur le territoire français (métropole et outremer).,,,,,Eau,Pesticides,Pollution des eaux souterraines,,Pesticides| biocides| NDVI,Environnement,True,Licence Ouverte Etalab,Attribution,True,True,True,CSV,https://www.data.gouv.fr/fr/datasets/pesticides-dans-les-eaux-souterraines/#_,Environnement,,ADES,True,,2012-01-01T00:01:00,True,True,True,False,True,Annuelle,Annuelle,1-45 Mo,2007 - 2012,True,,Station (coordonnées x/y|  numéro INSEE),,False,FRA,2007,,,,,
2021-01-04T00:08:00,plaMADE,plaMADE,Cerema,Données de traffic recueillies auprès des gestionnaires d'infrastructures autoroutières,,,,,,Agents physiques,Trafic routier,,Bruit,Transports,False,Non renseigné,,True,True,False,,,Environnement,,,False,,,True,False,False,False,False,,Non renseigné,,,True,,,,True,FXX,,,,,,
2021-01-01T00:04:00,Plan d’exposition au bruit,PEB,IGN,Le PEB est un document graphique à l’échelle du 1/25000ème qui délimite quatre zones de gêne quantifiée par l’indice Level day evening night (Lden).,https://www.geoportail.gouv.fr/donnees/plan-dexposition-au-bruit-peb,,,,,Agents Physiques,Bruit,,Bruit,Transports,False,Non renseigné,,True,False,False,HTML| PDF,,Environnement,,,True,,2020-01-01T00:01:00,True,False,False,False,True,N/A,Irrégulière,/,,True,,1/ 25000,,True,FXX,,,,,,
2021-01-01T00:04:00,Plan de gêne sonore,PGS,MTES,Visualisation des plans de gêne sonore (PGS) aux abords des aéroports. Les plans de gêne sonore délimitent des zones dans lesquelles les riverains peuvent bénéficier d’une aide à l’insonorisation de leur logement,https://www.geoportail.gouv.fr/donnees/plan-de-gene-sonore-pgs,,,,,Agents Physiques,Bruit,,Bruit,Transports,False,Non renseigné,,True,False,False,HTML,,Environnement,,,True,,,True,False,True,False,True,N/A,Irrégulière,/,,True,,,,True,FXX,,,,,,
2021-01-02T00:04:00,Point d'eau ADES,,BRGM,"Chaque point d'eau est doté d'un code national. Il s'agit du code du dossier du point d'eau au sein de la Banque du Sous-Sol (BSS). Il est constitué de la concaténation de l'indice BSS (10 caractères) et de la désignation BSS (6 caractères) séparé par un caractère ""/"". Chaque point d'eau est localisé par ses coordonnées géographiques dans le cadre d'un système de projection et rattaché à la commune sur le territoire de laquelle, il est situé. L'affectation de la commune, altitude , les coordonées géographiques au point d'eau est sous la responsabilité des services géologiques régionaux du BRGM dans le cadre de sa mision de gestion de la BSS. Les informations sur les points d'eau relèvent de la responsabilité des gestionnaires des différentes fonctions du point d'eau.",https://www.data.gouv.fr/fr/datasets/point-deau-pte/,,,,Eau,,Qualité de l'eau,,Polluants de l'eau,Environnement,True,Licence Ouverte Etalab,Attribution,True,True,False,GEOJSON| Esri Shape,Infoterre / Sandre,Environnement,,BSS,True,,2020-01-01T00:12:00,True,False,True,False,True,N/A,Ponctuelle,,,True,,coordonnées x/y,,True,FRA,,,,,,
2021-01-22T00:04:00,Pollens et moisissures,Pollen,RNSA,Concentrations dans l'air des pollens et des moisissures atmosphériques  Indice de risque allergique,https://www.pollens.fr/reports/database,,,,Air,,"A􏰃robiologie, Qualit􏰃 de l􏰁air : pollens, moisissures ",,Polluants de l'air,Environnement,False,Non renseigné,,True,True,False,XLS,,Environnement,,,False,,,True,False,True,False,True,Journalier,Hebdomadaire,,1987 - en cours,True,,Ville,,True,FXX,1987,,,,,
2021-01-22T00:03:00,PREV'AIR,PREV'AIR,INERIS,"Système opérationel de prévision de la qualité de l'air. Modélisation des concentrations d'ozone, NO2, PM10, PM2.5, en moyenne journalière et en pics horaires sur l'Europe et la France",https://www.data.gouv.fr/fr/datasets/mise-a-disposition-de-donnees-de-qualite-de-lair-sur-la-france-www-prevair-org-1/#_,,,,Air,,Qualité de l'air,,Polluants de l'air,Environnement,True,Licence Ouverte Etalab,Attribution,False,True,False,NetCDF,,Environnement,,GEOD'AIR,True,,2021-01-22T00:03:00,True,False,False,False,True,Journalier,Quotidienne,,02/2021 - 03/2021,True,,lat/long,,False,FXX,2021,2021,,,,
2021-01-13T00:04:00,Principales cultures par tranche de superficie et par petites régions agricoles,,SSP  /  Ministère de l'Agriculture et de l’Alimentation,EnsembleMoins de 1 hectareDe 1 à moins de 5 hectaresDe 5 à moins de 10 hectaresDe 10 à moins de 20 hectaresDe 20 à moins de 30 hectaresDe 30 à moins de 50 hectaresDe 50 à moins de 70 hectares70 hectares ou plus,https://agreste.agriculture.gouv.fr/agreste-web/disaron/RA_6013_2/detail/,,,,,,Milieux agricoles,,Pesticides| biocides| NDVI,"Agriculture, pêche, sylviculture et alimentation",True,Licence Ouverte Etalab,Attribution,True,True,False,CSV,,Environnement,,RGA,True,,2019-01-12T00:07:00,True,False,True,False,True,N/A,Toutes les décennies,"24,5Mo",2000 et 2010,True,,Département|  Petites régions agricoles,,False,FRA,2000,,,,,
2021-01-15T00:02:00,Produits Biocides,,MTES,Base de données de produits biocides déclarés,https://www.data.gouv.fr/fr/datasets/produits-biocides-30381961/,,,,,Pesticides,Biocides,,Pesticides| biocides| NDVI| métaux,Environnement,True,Licence Ouverte Etalab,Attribution,True,True,False,CSV,,Environnement,,,True,,2018-01-01T00:10:00,True,False,True,False,True,N/A,Irrégulière,"21,6 Mo",N/A,True,,,,True,,,,,,,
2021-01-22T00:04:00,Quadrige 2,,IFREMER,"Paramètres physiques, chimiques et biologiques de description de l'environnement du littoral français, Plus de 1500 paramètres en base en 2018. Paramètres suivis : Contaminants chimiquesHydrologiePhytoplanctonBenthos de substrats meublesBenthos de substrat dur - CorailBenthos de substrat dur - Poisson",https://quadrige.eaufrance.fr/Acces-aux-donnees/Surval/Donnees-par-parametre#/map,,,,Eaux,,Qualité des eaux littorales ,,Polluants de l'eau,Environnement,False,Non renseigné,,True,True,False,CSV| HTML,,Environnement,,,False,Portail | API,,True,False,True,False,True,Irrégulière,Régulière,,1974 - en cours,True,,Site de mesure,,True,FRA,1974,,,,,
2021-01-15T00:02:00,Recensement Général Agricole,RGA,SSP  /  Ministère de l'Agriculture et de l’Alimentation,"Le Recensement Général Agricole établit des statistiques sur le nombre d’exploitations, les orientations technico-économiques des communes, les surfaces agricoles utilisées, les productions et surfaces concernées, les surfaces toujours en herbe, et les surfaces herbagères principales. Ces données sont donc qualitatives, et communales.",https://agreste.agriculture.gouv.fr/agreste-web/,,,,Sols, Indicateurs géographiques et socio-démographiques,Milieux agricoles,,Pesticides| NDVI,"Agriculture, pêche, sylviculture et alimentation",True,Licence Ouverte Etalab,Attribution,True,True,False,CSV| Plain text,DataGouv,Environnement,,,True,,2010-01-01T00:01:00,True,False,True,False,True,N/A,Tous les 10 à 12 ans,,1970 - 2010,True,,Siège exploitation agricole (coordonnées x/y),,False,FRA,1979,,,,,
2021-01-21T00:04:00,Référentiel masse d’eau (+ Bassins Versants),,Agence de l'eau Loire-Bretagne,,https://www.data.gouv.fr/fr/datasets/bassins-versants-des-masses-deau-loire-bretagne/,,,,Eau,,Référentiel de masse d'eau,,Polluants de l'eau,Environnement,False,Non renseigné,,True,True,False,Esri Shape| GEOJSON| PNG| PDF,https://geo.data.gouv.fr/fr/datasets/b28a0cdbbf507bbd08387dc7f5f49214a10aa59f,Référentiel,,,False,,2021-01-21T00:01:00,True,False,True,False,True,,Tous les 6 ans,,2016,True,,,,True,BRE+PDL,2016,,,,,
2021-01-15T00:02:00,Registre Français des émissions polluantes,IREP,MTES,"Ce registre des rejets et des transferts de polluants (RRTP) est un inventaire national :- des substances chimiques et/ou des polluants potentiellement dangereux rejetés dans l'air, l'eau et le sol- de la production et du traitement des déchets dangereux et non dangereuxDéclaration annuelles des déchets et des émissions polluantes dans l'air, l'eau, le sol par les exploitants des installations classées soumises à l'arrêté du 31 janvier 2008 ; Les déclarations portent sur 160 polluants dans l'air et dans l'eau, 130 dans le sol et environ 850 déchets",https://www.data.gouv.fr/fr/datasets/registre-francais-des-emissions-polluantes/#_,,,,Sols| Eau | Air,,Emissions polluantes et Déchets,,,Environnement,True,Licence Ouverte Etalab,Attribution,True,True,False,CSV,Géorisques,Environnement,,,True,,2021-01-01T00:01:00,True,False,True,False,True,N/A,Ponctuellement,60 Mo,2003 - en cours,True,,Site (coordonnées x/y),,True,FRA,2003,,,,,
,Registre Parcellaire Graphique,RPG,ASP,Le registre parcellaire graphique est une base de données géographiques servant de référence à l'instruction des aides de la politique agricole commune (PAC).,https://www.data.gouv.fr/fr/datasets/registre-parcellaire-graphique-rpg-contours-des-parcelles-et-ilots-culturaux-et-leur-groupe-de-cultures-majoritaire/,,,,Sols,,Milieux agricoles,,Pesticides| biocides| NDVI,"Agriculture, pêche, sylviculture et alimentation",True,Licence Ouverte Etalab,Attribution,True,True,True,Esri Shape,Geoportail / Portail de l'ASP,Environnement,,,False,,2021-01-01T00:07:00,True,True,True,False,True,N/A,Annuelle,impossible de télécharger les données via datagouv (error proxy),depuis 2010,True,,Parcelles (coordonnées x/y),RGF93| Lambert-93| UTM,True,FXX+GLP+MTQ+GUF+REU,2010,,,,,
2021-01-21T00:04:00,Réseau de mesure pour la mesure de la qualité des eaux de surface,OSUR,Agence de l'eau Loire-Bretagne,,http://carmen.carmencarto.fr/179/OSUR.map,,,,Eau,,Réseaux de mesure de stations,,Polluants de l'eau,Environnement,True,Licence Ouverte,Attribution,True,True,False,MapInfo TAB file| KML| Esri Shape| PNG| PDF,,Environnement,,,False,,,True,False,True,False,True,,Non renseigné,,1971 - en cours,True,,Station de mesure,,True,BRE+PDL+ARA+BFC+CVL+NOR+NAQ+OCC,1971,,,,,
,Réseau de Mesures de la Qualité des Sols (RMQS),RMQS,GIS SOL,"Suivi de 2200 sites répartis uniformément sur le territoire français (métropole et outre-mer) selon une maille carrée de 16 km de côté ; Analyses physico-chimiques ; Eléments traces ; Occupations du sol ; Pratiques culturales; polluants organiques (HAP, Dioxines, furanes, PCB, pesticides organochlorés) ; analyses biologiques",https://data.inrae.fr/dataset.xhtml?persistentId=doi:10.15454/UEZXBY,,,,Sols,,Qualité des sols,,Polluants du sol| composés organiques| métaux,Environnement,True,Licence CC0,,True,True,True,HTML| Esri Shape,INRAe / GIS Sol,Environnement,,"Quelques jeux de données et cartes sont téléchargeables sur le portail de l'INRA ; Ce jeu de données rassemble le résultats du calcul d'indice de seuils de détection d’anomalies en ETM dans les sols. Ces seuils correspondent à des vibrisses qui ont été calculées à partir des teneurs en éléments traces du RMQS situées dans un rayon de 50 km autour du point considéré, avec un minimum de 10 points pour les horizons 0-30 cm et 30-50 cm.",True,,,False,True,True,False,True,N/A,Irrégulière,,2001 - en cours,True,,Maillage (16 km / 16 km),,True,FRA,2001,,,,,
2021-01-29T00:03:00,REseau national de suivi à long terme des ECOsystèmes FORestiers,RENECOF OR,ONF,Description générale du site  Mesures dendrométriques  Observation de la santé du peuplement  Description pédologique des profils du sol  Suivi physico-chimique des sols  Inventaire de la composition floristique  Suivi phénologique du peuplement  Suivi de la nutrition minérale des arbres   Suivi des chutes de litière   Suivi des dépôts atmosphériques hors et sous couvert forestier   Suivi de la chimie des solutions du sol   Suivi météorologique   Suivi des concentrations en ozone de l'air et des symptômes associés sur la végétation,http://www1.onf.fr/renecofor/sommaire/sites,,,,Sols,Biodiversité,Ecosystèmes forestiers ,,NDVI| pesticides| polluants du sol,Environnement,False,Non renseigné,,True,True,False,Excel XLS| CSV| Plain text| HTML,,Environnement,,,True,,2021-01-01T00:01:00,False,True,True,False,True,N/A,Irrégulière,,1992 - en cours,True,,Site d'observation,,True,FXX,1992,,,,,
2021-01-20T00:04:00,RUMEUR,,Bruitparif,"Données de mesure et indicateurs de bruit (indicateurs énergétiques, indicateurs événementiels, indice grand public Harmonica) issus des stations permanentes de Bruitparif (plus de 50 stations permanentes) ainsi que des campagnes de mesure (plus de 600 mesures de court terme). Le nombre de sites de mesure est en progression constante.Liste des pics de bruit liés à des survols aéronefs sur les stations de mesure du bruit aéroportuaire (avec caractéristiques acoustiques associés)",https://rumeur.bruitparif.fr/,,,,,Agents Physiques,Mesures de bruit,,Bruit,Environnement,False,Non renseigné,,True,True,False,XLSX| HTML,,Environnement,,,False,,,True,False,True,False,True,Horaire,Non renseigné,,2009 - en cours,True,,Site de mesure,,True,IDF,2009,,,,,
2021-01-09T00:03:00,SINOE,SINOE,ADEME,"Localisation des sites de traitement des déchets, noms des opérateurs, description des déchets entrant dans les sites, analyse des coûts de la gestion des déchets",https://www.sinoe.org/index,,,,Sols,,"Gestion des déchets, Développement durable",,Déchets,Environnement,True,Licence Ouverte Etalab,Attribution,True,True,False,Excel XLS| CSV| HTML,Portail de l'Ademe| DataGouv,Environnement,,,False,,2018-01-01T00:07:00,True,True,True,True,True,,Régulière ,,2004 - en cours,True,,Site de traitement (adresse|  coordonnées x/y),,True,FRA,2004,,,,,
2021-01-04T00:08:00,SISE-Eau,SISE-Eau,SISE Eau,Prélèvements réalisés de janvier à décembre 2020,https://www.data.gouv.fr/fr/datasets/resultats-du-controle-sanitaire-de-leau-distribuee-commune-par-commune/#_,,,,,,Contaminants de l'eau,,Polluants de l'eau,Environnement,True,Licence Ouverte Etalab,Attribution,False,True,False,TXT,,Environnement,,,False,,,True,False,False,False,False,,,,2016 - 2021,True,,Commune / UDI,,True,FRA,2016,,,,,
2021-01-09T00:03:00,Surveillance de la qualité de l'air dans les établissements recevant du public,INTAIRIEU R,INERIS,"Description générale de l'établissement (type de construction, ventilation,...), prélèvements et résultats d'analyse correspondants sur les substances visées par le décret du 05 janvier 2012",,,,,Air,,Qualité de l'air dans les établissements recevant du public ,,Polluants de l'air intérieur,Santé,False,Non renseigné,,True,True,False,CSV,https://surveillance-air-interieur.ineris.fr/,Environnement,,,False,,,True,True,True,False,True,2 prélèvements sur une année par établissement , tous les 7 ans si aucun dépassement constaté,,2014 - en cours,True,,Etablissement (adresse),,True,FRA,2014,,,,,
2021-01-15T00:02:00,Système d'information en Santé-Environnement sur les Eaux,SISE-Eaux,DGS / Ministère de la Santé et des Solidarités,"Descriptif général des installations de captage, production et distribution des eaux ; Descriptif des sites de baignade ; Descriptif des points de surveillance ; Résultats d'analyses du contrôle sanitaire des eaux destinées à la consommation humaine, des eaux minérales, des eaux de baignade et pour certains départements des eaux de piscine",https://ades.eaufrance.fr/Recherche,,,,Eau,,Qualité des eaux,,Polluants de l'eau de boisson,Environnement,True,Licence Ouverte Etalab,Attribution,True,True,True,Excel XLS| Plain text,https://www.data.gouv.fr/fr/datasets/resultats-du-controle-sanitaire-de-leau-distribuee-commune-par-commune/#_,Environnement,,BSS,True,,2021-01-01T00:01:00,True,False,False,False,True,N/A,Semestre (via ADES),,1994 - en cours,True,,point d'eau (coordonnées x/y),Coordonnées x| y ,False,FRA,1994,,,,,
,Système d'Information sur l'Eau,SIE,OIEau,,,,,,,,,,,Environnement,False,,,False,False,False,,,Environnement,,,False,,,False,False,False,False,False,,,,,False,,,,False,,,,,,,
2021-01-29T00:03:00,Téléray,,IRSN,Rayonnement gamma dans l'air ambiant,https://www.mesure-radioactivite.fr/#/ (RNM),,,,,Agents Physiques,Rayonnements ionisants,,Radioactivité,Environnement,False,Non renseigné,,False,True,False,CSV| HTML,https://remon.jrc.ec.europa.eu/ (Remon)http://teleray.irsn.fr/#mappage&ui-state=dialog,Environnement,,,True,,2021-01-29T00:02:00,True,False,True,False,True,Journalier,Temps réel,,1993 - en cours,True,,Site de mesure / Commune,,False,FRA,1993,,,,,
2021-01-13T00:04:00,Utilisation du territoire,,SSP  /  Ministère de l'Agriculture et de l’Alimentation,,https://agreste.agriculture.gouv.fr/agreste-web/disaron/SAANR_1/detail/,,,,Sols, Indicateurs géographiques et socio-démographiques,Milieux agricoles,,Pesticides| biocides| NDVI,"Agriculture, pêche, sylviculture et alimentation",False,Non renseigné,,True,True,False,CSV,,Environnement,,,False,,2021-01-12T00:04:00,True,False,True,False,True,N/A,Annuelle,791Ko,2000-2020,True,,Département|  Région,,True,FRA,2000,,,,,
2021-01-12T00:04:00,Vignes,,SSP  /  Ministère de l'Agriculture et de l’Alimentation,Nombre d'exploitations en cultivantSuperficie de la culture (ares)Superficie agricole utilisée (SAU) (hectares)Produit brut standard (PBS) (milliers d'euros)Volume de travail (UTA),https://agreste.agriculture.gouv.fr/agreste-web/disaron/G_0017/detail/,,,,,,Milieux agricoles,,Pesticides| biocides| NDVI,"Agriculture, pêche, sylviculture et alimentation",True,Licence Ouverte Etalab,Attribution,True,True,False,Plain text,,Environnement,,RGA,True,,2017-01-13T00:12:00,True,False,True,False,True,N/A,Toutes les décennies,"578,8Ko",2000|  2010,True,,Région|  Département,,True,FRA,2000,,,,,
2021-01-22T00:04:00,Xenair,,INERIS,"The XENAIR project will investigate the association of breast cancer risk (overall and by hormone receptor status) with chronic exposure to selected air pollutants, including particulate matter, nitrogen dioxide (NO2), ozone (O3), BaP, dioxins, PCB-153, and cadmium. Une convention a été élaborée par ATMO France avec le Centre de recherche Léon Bérard afin de valoriser les données issues de Gazel Air dans le cadre du projet Xenair, financé par la Fondation ARC pour la recherche sur le cancer.",,,,,Air,,Qualité de l’air : pollution atmosphérique ,,Polluants de l'air,Environnement,False,Non renseigné,,True,False,False,Non renseigné,,Environnement,,,False,,,True,False,True,False,True,Non renseigné,Non renseigné,,Non renseigné,True,,Non renseigné,,True,,,,,,,
2021-01-19T00:04:00,Zones sensibles - France entière,,OIEau,"L'article R211-94 du code de l'environnement, transposant dans le droit français l'article 5 et l'annexe II de la directive Eaux Résiduelles Urbaines (91/271/EEC UWWT) définit les zones sensibles comme les masses d'eau particulièrement sensibles aux pollutions, notamment celles dont il est établi qu'elles sont eutrophes ou pourraient devenir eutrophes à brève échéance si des mesures ne sont pas prises, et dans lesquelles les rejets de phosphore, d'azote ou de ces deux substances doivent, s'ils sont cause de ce déséquilibre, être réduits.",https://www.sandre.eaufrance.fr/atlas/srv/fre/catalog.search#/metadata/de76fc76-3285-45ff-8e46-b54cc34ee870,,,,Eau,,Cartographie des masses d'eau sensibles à la pollution,,Polluants de l'eau,Environnement,True,Licence Ouverte Etalab,Attribution,True,False,True,Esri Shape | SQL ,,Environnement,,,False,,2021-01-19T00:03:00,True,False,True,False,True,N/A,Irrégulière,,2018,True,,lat/long  1/50 000,,True,FRA+MAF+BLM,2018,,,,,
2021-01-19T00:04:00,Zones vulnérables - Historique,,OIEau,"Chaque zone vulnérable correspond à un arrêté préfectoral (préfet coordonnateur de bassin) après avis du conseil départemental d’Hygiène, du conseil général et régional et du comité de bassin. Les zones vulnérables sont réexaminées au moins tous les 4 ans. Le périmètre des zones vulnérables est défini par circonscription administrative de bassin selon 2 modalités:1) Limites communales : Il s'étend sur la limite de l'ensemble de communes désignées en zones vulnérables.2) Limites cadastrales (infra-communale): Il s'étend sur les sections cadastrales retenues pour les communes désignées en zones vulnérables.",https://www.sandre.eaufrance.fr/atlas/srv/fre/catalog.search#/metadata/3cc9aee4-25ee-473e-8139-f4ddfdcff7ba,,,,,,Cartographie des zones polluées par l'eau,,Polluants de l'eau,Environnement,True,Licence Ouverte Etalab,Attribution,True,False,True,Esri Shape | SQL ,,Environnement,,,False,,2021-01-01T00:01:00,True,False,True,False,True,N/A,Irrégulière,,2007|  2013|  2015,True,,lat/long  1/50 001,,False,FXX,2007,,,,,
2021-01-19T00:04:00,Zones vulnérables - Métropole,,OIEau,"Chaque zone vulnérable correspond à un arrêté préfectoral (préfet coordonnateur de bassin) après avis du conseil départemental d’Hygiène, du conseil général et régional et du comité de bassin. Les zones vulnérables sont réexaminées au moins tous les 4 ans. Le périmètre des zones vulnérables est défini par circonscription administrative de bassin selon 2 modalités:1) Limites communales : Il s'étend sur la limite de l'ensemble de communes désignées en zones vulnérables.2) Limites cadastrales (infra-communale): Il s'étend sur les sections cadastrales retenues pour les communes désignées en zones vulnérables.",https://www.sandre.eaufrance.fr/atlas/srv/fre/catalog.search#/metadata/8ddc0f01-6708-4b23-a79a-e9bac3beeee6,,,,Eau,,Cartographie des zones polluées par l'eau,,Polluants de l'eau,Environnement,True,Licence Ouverte Etalab,Attribution,True,False,True,Esri Shape | SQL ,,Environnement,,,False,,2021-01-01T00:01:00,True,False,True,False,True,N/A,Irrégulière,,2020,True,,lat/long  1/50 002,,False,FXX,2020,,,,,
